,description.year_built,description.baths_full,description.baths_3qtr,description.baths_half,description.baths_1qtr,description.lot_sqft,description.sqft,description.garage,description.beds,description.stories,location.address.coordinate.lon,location.address.coordinate.lat,list_price
0,2021.0,4.0,,1.0,,43560.0,4064.0,3.0,5.0,2.0,-78.975605,35.994409,815100
1,2020.0,3.0,,,,6970.0,2395.0,2.0,3.0,2.0,-78.833035,35.906707,470576
3,2020.0,2.0,,,,6970.0,3520.0,2.0,2.0,1.0,-78.832879,35.906641,433754
4,1940.0,2.0,,,,6970.0,1486.0,,3.0,1.0,-78.915344,36.014227,250000
7,1963.0,2.0,,,,20255.0,1050.0,1.0,3.0,1.0,-78.842772,36.045108,215000
9,2018.0,2.0,,1.0,,11151.0,2519.0,2.0,3.0,2.0,-78.934903,35.963317,549900
10,1970.0,2.0,,,,19950.0,1663.0,,3.0,1.0,-78.935719,36.081496,235000
12,2020.0,2.0,,1.0,,4356.0,1224.0,,3.0,2.0,-78.924536,35.960146,275000
13,1951.0,2.0,,1.0,,20865.0,4192.0,1.0,3.0,,-78.885133,35.978208,229500
14,1991.0,3.0,,,,61420.0,2475.0,1.0,4.0,2.0,-78.935718,35.961291,360000
15,1980.0,2.0,,,,25700.0,1500.0,,3.0,1.0,-78.968439,36.045692,225000
16,,3.0,,,,,2529.0,2.0,3.0,2.0,-78.7928,35.95985,396190
17,,3.0,,,,,2529.0,2.0,3.0,2.0,-78.79246,35.95964,399190
18,,3.0,,,,,2671.0,2.0,4.0,2.0,-78.79234,35.95983,401890
19,2021.0,2.0,,,,7187.0,1403.0,2.0,3.0,1.0,-78.792948,35.947876,370035
20,1930.0,2.0,,,,5009.0,1106.0,,3.0,1.0,-78.920535,35.990968,319900
22,2002.0,2.0,,,,17424.0,1294.0,1.0,3.0,2.0,-78.807974,35.984888,245000
23,2015.0,2.0,,,,4792.0,1611.0,2.0,3.0,1.0,-78.785122,35.935736,399500
24,1920.0,1.0,,1.0,,5009.0,1194.0,,4.0,2.0,-78.887646,35.980218,175000
25,2015.0,4.0,,1.0,,8712.0,3714.0,2.0,4.0,2.0,-78.826848,35.899533,662840
26,1988.0,2.0,,,,56149.0,1461.0,1.0,2.0,1.0,-79.034044,36.010897,270000
28,2000.0,2.0,,1.0,,4356.0,1785.0,2.0,4.0,2.0,-78.920898,35.938391,299900
29,1998.0,2.0,,1.0,,16117.0,1933.0,2.0,3.0,2.0,-78.920963,35.935788,345000
32,1981.0,3.0,,,,23958.0,5494.0,,5.0,,-78.951464,35.976232,799000
33,1924.0,1.0,,1.0,,7884.0,1226.0,,2.0,1.0,-78.908519,36.028717,256900
34,,2.0,,,,,1776.0,2.0,2.0,,,,519790
35,,3.0,,1.0,,,2293.0,2.0,4.0,3.0,,,312105
36,1964.0,1.0,,,,16117.0,960.0,2.0,3.0,1.0,-78.863377,35.974004,119000
40,1951.0,1.0,,,,6316.0,941.0,1.0,2.0,1.0,-78.887124,36.020007,225000
46,1967.0,2.0,,,,21344.0,1694.0,1.0,3.0,1.0,-78.990618,35.976231,244900
47,2006.0,2.0,,1.0,,10454.0,2303.0,2.0,3.0,2.0,-78.921956,35.933582,369000
48,1989.0,3.0,,,,39030.0,3450.0,2.0,4.0,2.0,-78.980976,36.010968,680000
49,1969.0,4.0,,1.0,,38812.0,4443.0,2.0,6.0,3.0,-78.953091,35.982945,1175000
50,2021.0,3.0,,1.0,,3703.0,2690.0,2.0,4.0,2.0,-78.95330574,35.877981061,535000
52,1940.0,1.0,,,,8756.0,884.0,,3.0,1.0,-78.891263,36.017757,195000
54,1994.0,2.0,,,,42689.0,1695.0,1.0,3.0,1.0,-78.928359,36.123446,285000
55,1951.0,3.0,,,,9583.0,2854.0,,4.0,1.0,-78.890693,35.9772,279900
56,2012.0,2.0,,1.0,,5227.0,2480.0,2.0,4.0,2.0,-78.828426,35.962198,318900
57,2000.0,2.0,,1.0,,7492.0,1553.0,1.0,3.0,2.0,-78.823493,35.987962,224850
58,1989.0,2.0,,,,12763.0,1130.0,,3.0,1.0,-78.806324,35.989594,209900
59,1960.0,1.0,,,,8494.0,994.0,,3.0,1.0,-78.903245,35.964097,179900
60,1948.0,2.0,,,,10193.0,1428.0,,3.0,1.0,-78.89166,36.018852,290000
61,1926.0,2.0,,,,14375.0,1644.0,,3.0,1.0,-78.932135,36.0186,650000
62,1983.0,3.0,,1.0,,17468.0,3590.0,2.0,4.0,2.0,-78.942467,36.029164,649000
63,1998.0,2.0,,1.0,,3049.0,1562.0,,3.0,2.0,-78.897315,35.929472,289000
64,1982.0,2.0,,,,8712.0,1500.0,,4.0,1.0,-78.900109,35.98233,190000
65,1986.0,2.0,,,,20038.0,1441.0,,3.0,1.0,-78.909722,36.059422,229000
66,,2.0,,1.0,,2985.0,2985.0,2.0,3.0,1.0,-78.92333,36.094191,363000
67,,2.0,,1.0,,2069.0,2069.0,1.0,3.0,1.0,-78.92333,36.094191,292600
68,,2.0,,1.0,,2309.0,2309.0,1.0,3.0,1.0,-78.92333,36.094191,302900
69,,2.0,,,,1587.0,1587.0,2.0,3.0,1.0,-78.92333,36.094191,280900
70,,2.0,,,,1680.0,1680.0,2.0,3.0,1.0,-78.92333,36.094191,299000
71,,3.0,,1.0,,3187.0,3187.0,2.0,4.0,1.0,-78.92333,36.094191,368400
72,,2.0,,1.0,,2098.0,2098.0,2.0,3.0,1.0,-78.92333,36.094191,289400
73,,2.0,,1.0,,3614.0,3614.0,2.0,4.0,1.0,-78.92333,36.094191,420000
74,,2.0,,1.0,,2764.0,2764.0,2.0,3.0,1.0,-78.92333,36.094191,350500
75,,2.0,,1.0,,2627.0,2627.0,2.0,3.0,1.0,-78.92333,36.094191,340900
76,,2.0,,,,1562.0,1562.0,2.0,2.0,1.0,-78.92333,36.094191,270400
77,,2.0,,1.0,,2440.0,2440.0,2.0,3.0,1.0,-78.92333,36.094191,305400
78,,2.0,,1.0,,2148.0,2148.0,2.0,3.0,1.0,-78.92333,36.094191,314900
79,,2.0,,1.0,,3066.0,3066.0,2.0,4.0,1.0,-78.92333,36.094191,340900
80,,3.0,,1.0,,2257.0,2257.0,2.0,3.0,1.0,-78.92333,36.094191,303400
81,,2.0,,,,1531.0,1531.0,2.0,2.0,1.0,-78.92333,36.094191,280100
82,,2.0,,,,1686.0,1686.0,2.0,2.0,1.0,-78.92333,36.094191,291000
83,,2.0,,1.0,,2378.0,2378.0,1.0,3.0,1.0,-78.92333,36.094191,325900
84,,2.0,,1.0,,2267.0,2267.0,2.0,3.0,1.0,-78.92333,36.094191,320200
85,1952.0,1.0,,1.0,,20125.0,860.0,,2.0,1.0,-78.880463,36.05939,162000
86,1961.0,2.0,,1.0,,9583.0,2206.0,,3.0,1.0,-78.903289,36.013132,535000
87,2020.0,3.0,,,,10019.0,1772.0,,4.0,2.0,-78.937228,35.96875,390000
88,1978.0,1.0,,,,15682.0,1114.0,,4.0,1.0,-78.908313,35.952859,199000
90,2006.0,3.0,,,,7144.0,3145.0,2.0,4.0,2.0,-78.943489,35.894268,392500
91,1981.0,1.0,,1.0,,7449.0,1377.0,,3.0,2.0,-78.933564,35.965731,275000
92,1996.0,2.0,,,,38768.0,2435.0,2.0,3.0,1.0,-78.860503,36.130035,410000
93,2010.0,2.0,,1.0,,4008.0,2173.0,2.0,3.0,2.0,-78.854574,35.869355,325951
94,1990.0,2.0,,1.0,,8407.0,2393.0,2.0,4.0,2.0,-78.8189,35.92915,319900
96,2006.0,2.0,,,,10019.0,1105.0,,3.0,1.0,-78.854833,35.966673,210000
97,1959.0,1.0,,,,7449.0,936.0,,2.0,1.0,-78.883314,36.041771,145000
98,1958.0,2.0,,,,17947.0,1047.0,,3.0,1.0,-78.825315,35.976701,249500
99,2006.0,2.0,,1.0,,10280.0,1634.0,2.0,3.0,2.0,-78.898196,35.929705,299900
101,1950.0,2.0,,,,10019.0,2303.0,3.0,5.0,2.0,-78.901153,36.040445,265000
102,1970.0,2.0,,1.0,,14375.0,1989.0,,3.0,,-78.915433,35.890619,249900
103,1976.0,2.0,,,,30056.0,2081.0,2.0,3.0,1.0,-78.918659,36.111561,265000
105,1962.0,1.0,,,,18513.0,,,3.0,1.0,-78.871366,35.984731,260000
106,1986.0,4.0,,2.0,,69696.0,4975.0,2.0,5.0,2.0,-78.937014,35.947561,850000
108,1993.0,2.0,,,,10977.0,1412.0,,3.0,1.0,-78.829558,35.993573,210000
109,2020.0,2.0,,1.0,,4792.0,1486.0,,3.0,2.0,-78.875367,35.982274,317000
110,2021.0,3.0,,,,3180.0,2349.0,2.0,4.0,2.0,-78.95310189,35.87803322,478000
112,2021.0,3.0,,,,3703.0,2405.0,2.0,4.0,2.0,-78.95320918,35.877920208,515000
113,2001.0,2.0,,1.0,,11326.0,2284.0,2.0,3.0,2.0,-78.927197,36.089151,319900
114,2021.0,2.0,,,,7318.0,1551.0,2.0,2.0,1.0,-78.792801,35.947619,368025
121,1999.0,4.0,,1.0,,52011.0,4872.0,3.0,5.0,2.0,-78.870656,36.124753,529900
122,2005.0,2.0,,1.0,,10890.0,2438.0,2.0,4.0,3.0,-78.825428,36.027483,299000
123,2016.0,2.0,,1.0,,6098.0,1937.0,1.0,4.0,2.0,-78.853871,36.020226,250000
124,2008.0,2.0,,1.0,,6534.0,1860.0,2.0,4.0,2.0,-78.875796,36.066268,252100
127,1959.0,1.0,,,,11108.0,1080.0,,2.0,1.0,-78.874195,35.99181,252500
128,2020.0,4.0,,1.0,,20473.0,5098.0,3.0,4.0,2.0,-78.95154,35.868182,1664213
134,1983.0,2.0,,,,21649.0,1190.0,,3.0,1.0,-78.899343,35.92132,250000
137,2020.0,2.0,,1.0,,2614.0,1159.0,,2.0,2.0,-78.876143,35.982871,272900
140,2007.0,3.0,,1.0,,12371.0,3758.0,2.0,5.0,2.0,-78.931662,35.879978,539750
141,1940.0,2.0,,,,5227.0,1597.0,,3.0,1.0,-78.891189,35.987684,254900
142,2003.0,2.0,,1.0,,7405.0,2164.0,2.0,3.0,2.0,-78.913957,35.913618,325000
143,1983.0,2.0,,,,30056.0,1288.0,1.0,2.0,1.0,-78.971162,36.055577,274900
145,2017.0,2.0,,1.0,,6098.0,2090.0,2.0,3.0,2.0,-78.807025,35.952982,335900
146,2016.0,2.0,,1.0,,6098.0,1411.0,,3.0,2.0,-78.877644,35.99786,315000
147,2014.0,2.0,,1.0,,12632.0,1542.0,,3.0,2.0,-78.925906,35.977736,385000
148,1972.0,2.0,,1.0,,19950.0,2284.0,1.0,4.0,2.0,-78.993209,35.935937,345000
150,2002.0,2.0,,,,4400.0,1711.0,,3.0,2.0,-78.815863,35.92391,234900
151,,2.0,,1.0,,3519.0,3519.0,2.0,4.0,,-78.976082,35.974029,498490
153,1966.0,2.0,,1.0,,20909.0,2383.0,,4.0,,-78.923623,36.074624,279000
154,1994.0,2.0,,,,11761.0,1567.0,,3.0,1.0,-78.828951,35.989623,215000
156,1988.0,2.0,,,,8015.0,1112.0,,2.0,1.0,-78.932788,36.04434,209900
157,2005.0,3.0,,,,10019.0,3070.0,2.0,6.0,2.0,-78.946039,35.890397,499000
158,2015.0,2.0,,1.0,,8930.0,2971.0,2.0,4.0,2.0,-78.931951,35.932212,464900
159,2014.0,2.0,,1.0,,4792.0,2012.0,2.0,3.0,2.0,-78.836195,35.965248,300000
160,1972.0,2.0,,,,13024.0,1598.0,,3.0,2.0,-78.910833,35.88088,269900
161,1989.0,2.0,,1.0,,13373.0,1497.0,1.0,3.0,2.0,-78.899535,35.915911,260000
163,,2.0,,1.0,,2638.0,2638.0,2.0,4.0,,-78.976082,35.974029,461490
164,1972.0,2.0,,,,20038.0,1611.0,,3.0,1.0,-78.928792,36.084812,179000
167,2001.0,1.0,,1.0,,8407.0,1158.0,,3.0,1.0,-78.881446,36.035317,140000
171,1970.0,2.0,,,,16553.0,1836.0,2.0,3.0,1.0,-78.868278,35.950604,299900
172,1968.0,2.0,,,,19994.0,1460.0,1.0,3.0,1.0,-78.991427,35.909788,259900
173,1924.0,2.0,,,,5097.0,1260.0,,4.0,1.0,-78.904903,35.972389,139995
176,1998.0,3.0,,1.0,,22651.0,3444.0,2.0,4.0,2.0,-78.863511,36.128035,474900
177,1993.0,2.0,,,,16117.0,1828.0,2.0,3.0,1.0,-78.880073,36.08664,275000
178,1971.0,2.0,,,,20038.0,1800.0,1.0,3.0,1.0,-78.955067,36.085008,300000
179,2021.0,2.0,,,,6490.0,1800.0,2.0,2.0,1.0,-78.792154,35.945762,416625
186,1940.0,2.0,,,,5097.0,1599.0,,3.0,1.0,-78.882032,35.995555,269900
187,2017.0,2.0,,1.0,,7100.0,2462.0,2.0,3.0,2.0,-78.800139,35.966217,330000
189,,3.0,,,,,1916.0,2.0,3.0,2.0,-78.8313,35.9592,393730
199,1995.0,3.0,,1.0,,37287.0,4600.0,3.0,4.0,2.0,-78.861103,36.11658,690000
201,1996.0,1.0,,,,10019.0,884.0,,3.0,1.0,-78.883058,36.028863,225000
202,1969.0,2.0,,,,20473.0,1297.0,,3.0,1.0,-78.936653,36.07979,240000
203,2008.0,3.0,,,,10019.0,1958.0,2.0,4.0,1.0,-78.856009,36.048093,260000
204,,3.0,,,,,1931.0,2.0,2.0,2.0,-78.8313,35.9592,391900
205,,3.0,,,,,2149.0,2.0,2.0,1.0,-78.8313,35.9592,424210
206,2002.0,2.0,,1.0,,6970.0,1583.0,1.0,3.0,2.0,-78.905918,35.915085,290900
207,2017.0,2.0,,1.0,,5663.0,2046.0,2.0,4.0,2.0,-78.796629,35.967831,334900
208,1969.0,1.0,,1.0,,7405.0,998.0,,3.0,1.0,-78.877521,36.029985,179900
209,1994.0,2.0,,1.0,,16553.0,2863.0,2.0,4.0,2.0,-78.926311,35.884053,385000
210,1978.0,3.0,,,,21780.0,3496.0,,3.0,,-78.950118,36.086506,299900
211,2020.0,3.0,,,,10803.0,2634.0,2.0,4.0,2.0,-78.932187,35.941606,549900
212,1957.0,2.0,,1.0,,49223.0,2620.0,2.0,3.0,1.0,-78.936166,35.945419,485000
214,2021.0,2.0,,1.0,,4792.0,1916.0,2.0,3.0,1.0,-78.8313,35.9592,393730
215,1959.0,2.0,,1.0,,11848.0,1763.0,1.0,3.0,,-78.932622,35.991466,292000
217,2016.0,3.0,,,,6098.0,3265.0,2.0,3.0,1.0,-78.82712,35.898177,500000
220,1998.0,2.0,,1.0,,12066.0,1423.0,,3.0,2.0,-78.893177,36.083424,237000
221,2004.0,2.0,,1.0,,7013.0,1810.0,1.0,3.0,2.0,-78.808859,36.007979,235000
223,2009.0,3.0,,,,9148.0,3301.0,2.0,5.0,2.0,-78.825254,35.946927,469800
224,1968.0,2.0,,1.0,,16379.0,2392.0,2.0,3.0,,-78.902818,36.069655,314900
225,1986.0,1.0,,1.0,,8625.0,955.0,,3.0,1.0,-78.918559,36.031608,194900
227,2000.0,2.0,,1.0,,22651.0,2291.0,2.0,3.0,2.0,-78.979425,35.989765,429900
228,1992.0,2.0,,1.0,,26136.0,1652.0,,3.0,2.0,-78.852795,36.00764,245000
229,2021.0,2.0,,1.0,,15682.0,2685.0,2.0,3.0,2.0,-78.956604,36.015708,406900
230,1994.0,2.0,,,,7841.0,1346.0,2.0,3.0,1.0,-78.914745,35.92131,273000
231,,2.0,,1.0,,2139.0,2139.0,2.0,3.0,2.0,-78.917228,35.905933,317900
232,,2.0,,1.0,,1950.0,1950.0,2.0,3.0,2.0,-78.917228,35.905933,295900
233,,2.0,,1.0,,2098.0,2098.0,2.0,3.0,2.0,-78.917228,35.905933,309900
234,,2.0,,1.0,,2001.0,2001.0,2.0,2.0,2.0,-78.917228,35.905933,297900
235,,2.0,,1.0,,2271.0,2271.0,2.0,3.0,2.0,-78.917228,35.905933,334900
242,2010.0,2.0,,1.0,,6098.0,2490.0,2.0,3.0,2.0,-78.87616,35.944723,319900
243,2001.0,2.0,,1.0,,15856.0,2427.0,2.0,4.0,2.0,-78.925414,36.089196,345000
244,2021.0,2.0,,1.0,,4792.0,1931.0,2.0,2.0,2.0,-78.8313,35.9592,391900
245,2021.0,2.0,,1.0,,7841.0,2149.0,2.0,2.0,1.0,-78.8313,35.9592,424210
246,2007.0,2.0,,1.0,,10803.0,1636.0,1.0,3.0,2.0,-78.814234,35.978566,259900
247,1961.0,1.0,,,,36678.0,880.0,,2.0,1.0,-78.770181,35.99864,90000
249,1930.0,2.0,,,,5097.0,1387.0,,3.0,1.0,-78.931643,36.016945,435000
250,2013.0,2.0,,1.0,,5793.0,2435.0,2.0,3.0,2.0,-78.828932,35.962222,320000
253,2006.0,4.0,,2.0,,44867.0,7588.0,3.0,5.0,3.0,-78.953246,35.864303,1500000
254,1930.0,2.0,,,,5837.0,1319.0,,3.0,1.0,-78.885494,36.000458,319500
257,2021.0,2.0,,1.0,,6490.0,2169.0,2.0,2.0,1.0,-78.7922,35.94563,444270
258,,2.0,,1.0,,1882.0,1882.0,2.0,2.0,,-78.758805,35.928158,337900
259,1957.0,1.0,,1.0,,10019.0,1870.0,,3.0,1.0,-78.933181,35.984985,365000
260,2021.0,3.0,,,,6490.0,2429.0,2.0,3.0,2.0,-78.792246,35.945498,465605
261,2021.0,2.0,,,,6186.0,1551.0,2.0,2.0,1.0,-78.790681,35.943747,353580
262,2002.0,2.0,,1.0,,13939.0,2351.0,2.0,3.0,2.0,-78.917678,35.917962,360000
263,2017.0,2.0,,,,20038.0,1680.0,2.0,3.0,1.0,-78.87291,35.949219,315000
264,2007.0,3.0,,,,19689.0,3182.0,2.0,4.0,2.0,-78.972381,36.02567,500000
265,2001.0,2.0,,1.0,,4356.0,2220.0,2.0,3.0,2.0,-78.911544,35.915464,342900
266,1956.0,2.0,,,,19994.0,1568.0,,3.0,1.0,-78.83331,35.936616,239900
267,1986.0,2.0,,1.0,,58850.0,2313.0,,4.0,2.0,-78.962341,36.085912,330000
269,2017.0,4.0,,1.0,,82764.0,5142.0,2.0,5.0,,-79.003524,36.052023,850000
270,1927.0,2.0,,1.0,,11543.0,1435.0,,3.0,1.0,-78.875865,35.998231,319900
271,2021.0,2.0,,1.0,,12720.0,1967.0,2.0,3.0,1.0,-78.873625,36.042123,249900
272,1920.0,3.0,,,,6186.0,2347.0,,4.0,2.0,-78.892348,36.009493,623000
274,1953.0,1.0,,,,17206.0,1000.0,,3.0,1.0,-78.855041,35.994466,179900
275,1989.0,2.0,,,,5358.0,1375.0,,3.0,2.0,-78.894518,36.080371,210000
276,,2.0,,1.0,,2641.0,2641.0,2.0,3.0,,-78.976082,35.974029,461990
278,2015.0,2.0,,,,5140.0,1438.0,2.0,2.0,1.0,-78.785128,35.936299,337900
279,,2.0,,1.0,,2935.0,2935.0,2.0,4.0,,-78.976082,35.974029,479990
280,,2.0,,1.0,,2641.0,2641.0,2.0,3.0,,-78.976082,35.974029,462990
281,1930.0,2.0,,,,10019.0,2005.0,2.0,3.0,1.0,-78.905946,35.983234,499900
282,2018.0,2.0,,1.0,,7841.0,2140.0,,3.0,2.0,-78.876724,35.985629,375000
285,1933.0,2.0,,,,6578.0,1358.0,,3.0,1.0,-78.903914,35.972871,215000
287,2006.0,2.0,,1.0,,8276.0,2336.0,2.0,4.0,2.0,-78.875224,36.060815,270000
288,,2.0,,1.0,,2956.0,2956.0,2.0,4.0,2.0,-78.828964,35.931872,380900
293,1959.0,1.0,,,,17424.0,990.0,,2.0,1.0,-78.926035,36.025348,219900
294,1920.0,3.0,,,,4966.0,2275.0,,4.0,,-78.889227,35.993358,508000
295,1965.0,2.0,,,,20038.0,1323.0,,3.0,1.0,-78.800397,36.006751,195000
296,1956.0,2.0,,,,24481.0,2938.0,1.0,3.0,1.0,-78.937352,35.951607,349000
297,,2.0,,,,1962.0,1962.0,2.0,2.0,1.0,-78.828964,35.931872,309900
298,1977.0,3.0,,,,17685.0,2174.0,,4.0,2.0,-78.964127,35.92881,415000
300,1977.0,2.0,,1.0,,22216.0,2562.0,,3.0,,-78.948657,36.086227,429000
302,2006.0,3.0,,,,3746.0,1248.0,,4.0,2.0,-78.918192,35.991165,279900
303,,2.0,,1.0,,2394.0,2394.0,2.0,3.0,2.0,-78.828964,35.931872,330900
307,1984.0,2.0,,,,16988.0,1931.0,2.0,3.0,2.0,-78.943405,35.915624,375000
309,2021.0,3.0,,,,6490.0,2803.0,2.0,4.0,2.0,-78.792292,35.945365,481155
310,1954.0,2.0,,1.0,,7449.0,598.0,,2.0,1.0,-78.906008,35.960296,165000
311,1973.0,3.0,,,,38768.0,3056.0,2.0,3.0,1.0,-78.784817,35.968243,400000
312,,2.0,,,,2025.0,2025.0,2.0,3.0,2.0,-78.828964,35.931872,312900
313,,3.0,,,,2223.0,2223.0,2.0,3.0,,-78.758805,35.928158,347900
314,1964.0,3.0,,,,15682.0,1768.0,2.0,4.0,1.0,-78.868279,36.00019,297000
315,1972.0,2.0,,,,18731.0,1604.0,,3.0,1.0,-78.910104,35.880715,265000
316,1930.0,2.0,,,,4574.0,1032.0,,3.0,1.0,-78.885591,35.99976,314789
317,,2.0,,1.0,,2622.0,2622.0,2.0,4.0,2.0,-78.828964,35.931872,349900
318,,2.0,,,,1660.0,1660.0,2.0,2.0,,-78.758805,35.928158,332900
319,2020.0,3.0,,1.0,,7754.0,2354.0,,4.0,3.0,-78.877683,35.988663,499900
322,2013.0,2.0,,1.0,,8276.0,2446.0,2.0,4.0,2.0,-78.876139,35.944284,313000
323,,2.0,,1.0,,2051.0,2051.0,2.0,2.0,1.0,-78.828964,35.931872,316900
324,1989.0,2.0,,1.0,,10193.0,2109.0,,4.0,2.0,-78.939815,35.92887,317500
325,2018.0,3.0,,,,6098.0,2561.0,2.0,4.0,2.0,-78.777239,35.928243,450000
327,1947.0,2.0,,,,7492.0,1647.0,,3.0,1.0,-78.92573,36.023058,460000
329,1989.0,2.0,,1.0,,15246.0,2650.0,2.0,3.0,2.0,-78.892325,36.08097,265000
330,1973.0,2.0,,1.0,,9583.0,1652.0,,4.0,2.0,-78.911311,35.951878,245000
331,2014.0,2.0,,,,5140.0,1364.0,2.0,2.0,1.0,-78.786277,35.927221,319900
332,1964.0,2.0,,1.0,,8712.0,1566.0,,4.0,1.0,-78.896459,35.968969,225000
334,2002.0,2.0,,1.0,,46609.0,2828.0,2.0,3.0,2.0,-78.993204,36.057157,524999
335,1948.0,1.0,,,,9278.0,1137.0,,3.0,1.0,-78.91867,36.025495,249800
337,1956.0,4.0,,1.0,,43647.0,6831.0,3.0,4.0,1.0,-78.942052,35.944798,1975000
338,,2.0,,,,1633.0,1633.0,2.0,3.0,2.0,-78.828964,35.931872,299900
339,,3.0,,,,2307.0,2307.0,2.0,3.0,,-78.758805,35.928158,353900
340,2017.0,4.0,,1.0,,53579.0,4433.0,2.0,4.0,2.0,-78.949319,36.051124,1219075
341,,3.0,,1.0,,2293.0,2293.0,2.0,4.0,3.0,-78.914,35.9417,305990
342,,3.0,,1.0,,1869.0,1869.0,1.0,3.0,3.0,-78.914,35.9417,275990
343,1970.0,3.0,,1.0,,27878.0,2491.0,2.0,4.0,2.0,-78.963424,36.073871,500000
344,1920.0,2.0,,,,7449.0,2418.0,,5.0,3.0,-78.909453,36.00692,775000
345,2020.0,4.0,,,,4792.0,3481.0,2.0,5.0,2.0,-78.956115,35.878304,750000
346,1930.0,2.0,,,,6534.0,1220.0,,3.0,1.0,-78.901293,35.979396,119000
347,1978.0,3.0,,,,29839.0,1941.0,1.0,4.0,,-78.926367,36.100888,299000
348,2012.0,2.0,,1.0,,3485.0,1920.0,2.0,3.0,2.0,-78.831699,35.965522,295000
349,2012.0,2.0,,1.0,,13504.0,2823.0,2.0,4.0,2.0,-78.829566,35.950525,425000
350,2016.0,3.0,,,,7013.0,2914.0,2.0,4.0,2.0,-78.879938,35.951013,379900
351,,2.0,,1.0,,2350.0,2350.0,2.0,3.0,2.0,-78.828964,35.931872,324900
352,,2.0,,,,1913.0,1913.0,2.0,3.0,1.0,-78.828964,35.931872,307900
353,2007.0,4.0,,1.0,,7405.0,4140.0,2.0,5.0,3.0,-78.817612,35.952612,506900
354,,2.0,,1.0,,1658.0,1658.0,2.0,3.0,2.0,-78.858256,35.94621,305990
355,,3.0,,,,2518.0,2518.0,2.0,4.0,2.0,-78.858256,35.94621,338990
356,,2.0,,1.0,,2151.0,2151.0,2.0,4.0,2.0,-78.858256,35.94621,325990
357,,2.0,,1.0,,2007.0,2007.0,0.0,3.0,2.0,-78.858256,35.94621,318990
358,,3.0,,,,2697.0,2697.0,2.0,4.0,2.0,-78.858256,35.94621,345990
359,1987.0,2.0,,1.0,,22216.0,2178.0,,3.0,2.0,-78.942097,35.91728,327900
360,1954.0,1.0,,,,15987.0,1287.0,,3.0,1.0,-78.947086,35.961748,239900
361,2006.0,4.0,,1.0,,46174.0,4848.0,3.0,4.0,2.0,-78.966724,35.860641,950000
362,,2.0,,,,1756.0,1756.0,2.0,2.0,1.0,-78.828964,35.931872,295900
363,,3.0,,,,1913.0,1913.0,2.0,3.0,,-78.758805,35.928158,334900
364,2021.0,2.0,,1.0,,3180.0,2241.0,2.0,3.0,2.0,-78.9546683,35.877294293,429000
365,2021.0,3.0,,1.0,,3180.0,2285.0,2.0,4.0,2.0,-78.95483997,35.877572478,450850
366,2021.0,3.0,,1.0,,3180.0,2301.0,2.0,4.0,3.0,-78.95478632,35.877198667,442000
367,1964.0,2.0,,,,20038.0,1913.0,,4.0,1.0,-78.902128,36.09069,279999
368,,2.0,,1.0,,2260.0,2260.0,2.0,3.0,2.0,-78.828964,35.931872,319900
369,,4.0,,1.0,,,3720.0,2.0,4.0,,-78.82684,35.899528,662840
370,,4.0,,1.0,,2606.0,2606.0,2.0,4.0,,-78.824651,35.900136,662840
371,2009.0,2.0,,1.0,,1960.0,4072.0,2.0,3.0,2.0,-78.936177,35.944986,669000
373,1925.0,1.0,,,,5140.0,984.0,,2.0,2.0,-78.905559,35.981442,90000
374,,2.0,,,,1655.0,1655.0,2.0,2.0,1.0,-78.828964,35.931872,291900
375,1943.0,2.0,,,,7449.0,1538.0,,3.0,1.0,-78.867135,35.974321,224900
379,2020.0,2.0,,,,5663.0,1692.0,2.0,2.0,1.0,-78.834651,35.90741,435301
380,2019.0,2.0,,1.0,,5532.0,1930.0,2.0,3.0,2.0,-78.918183,35.991476,517000
382,1994.0,2.0,,1.0,,6970.0,2372.0,2.0,4.0,2.0,-78.938597,35.936098,339000
385,2005.0,2.0,,1.0,,7405.0,2875.0,2.0,5.0,2.0,-78.874581,36.060883,270000
386,1990.0,2.0,,1.0,,10106.0,2064.0,2.0,4.0,2.0,-78.933869,35.932933,375000
387,1972.0,3.0,,1.0,,59372.0,3960.0,,5.0,,-78.976826,35.984874,1249000
388,1968.0,2.0,,,,36155.0,2179.0,,3.0,1.0,-78.935498,35.964969,360000
390,1949.0,2.0,,,,7405.0,728.0,,2.0,1.0,-78.883214,36.023025,200000
392,1946.0,2.0,,,,8799.0,2250.0,,3.0,2.0,-78.902641,36.014567,375000
395,1976.0,1.0,,1.0,,15246.0,1522.0,,3.0,1.0,-78.911086,36.045988,245000
398,2000.0,2.0,,,,11674.0,2893.0,2.0,3.0,2.0,-78.864297,36.110637,358500
399,1987.0,2.0,,1.0,,40162.0,2777.0,,3.0,2.0,-78.950934,36.036904,499000
401,1952.0,1.0,,1.0,,7405.0,1286.0,,3.0,2.0,-78.917099,35.977517,255000
402,2020.0,3.0,,,,6534.0,2529.0,2.0,3.0,2.0,-78.79039986,35.960450297,383340
403,2021.0,3.0,,,,6534.0,2529.0,2.0,3.0,2.0,-78.79224522,35.960402534,387340
404,2020.0,3.0,,,,9583.0,2671.0,2.0,4.0,2.0,-78.79129036,35.960411218,388335
405,2021.0,3.0,,,,6534.0,2529.0,2.0,3.0,2.0,-78.79070027,35.960680427,385340
406,2021.0,3.0,,,,6534.0,2422.0,2.0,4.0,2.0,-78.79318936,35.95979464,386290
407,2017.0,2.0,,1.0,,4356.0,2177.0,2.0,3.0,2.0,-78.990618,35.9114,400000
408,2009.0,5.0,,3.0,,268025.0,7783.0,4.0,5.0,3.0,-78.921209,35.848527,2500000
409,1992.0,2.0,,1.0,,10890.0,2465.0,2.0,3.0,2.0,-78.953851,36.063496,322900
410,2020.0,2.0,,1.0,,6055.0,2448.0,,3.0,2.0,-78.90802,35.984015,559000
411,2011.0,3.0,,1.0,,26833.0,2820.0,2.0,5.0,2.0,-78.842927,35.953062,449900
412,1956.0,1.0,,,,36155.0,1696.0,,3.0,1.0,-78.957386,36.01657,223000
415,1968.0,2.0,,,,24829.0,1979.0,2.0,3.0,1.0,-78.913092,36.043511,260000
416,,2.0,,,,,1692.0,2.0,2.0,1.0,-78.834652,35.907402,435301
417,,3.0,,1.0,,,2923.0,2.0,3.0,,-78.835878,35.907186,562954
419,,2.0,,1.0,,1957.0,1957.0,1.0,3.0,2.0,-78.905864,35.944656,298900
420,,2.0,,1.0,,1732.0,1732.0,1.0,3.0,2.0,-78.905864,35.944656,282900
421,,2.0,,1.0,,1957.0,1957.0,1.0,3.0,2.0,-78.789902,35.97398,283900
422,,2.0,,1.0,,1445.0,1445.0,1.0,2.0,2.0,-78.789902,35.97398,251900
423,,2.0,,1.0,,1678.0,1678.0,1.0,3.0,2.0,-78.905864,35.944656,299900
424,,2.0,,1.0,,1732.0,1732.0,1.0,3.0,2.0,-78.789902,35.97398,266900
425,,2.0,,1.0,,1678.0,1678.0,1.0,3.0,2.0,-78.789902,35.97398,281900
426,,2.0,,1.0,,1817.0,1817.0,1.0,3.0,2.0,-78.905864,35.944656,287900
427,,2.0,,1.0,,1817.0,1817.0,1.0,3.0,2.0,-78.789902,35.97398,273900
428,,2.0,,1.0,,1799.0,1799.0,1.0,2.0,2.0,-78.789902,35.97398,271900
430,1947.0,2.0,,,,21388.0,1701.0,2.0,4.0,1.0,-78.932148,36.038162,196000
432,1965.0,2.0,,1.0,,23740.0,2808.0,2.0,3.0,2.0,-78.95892,35.940956,650000
433,1960.0,1.0,,,,8451.0,942.0,,3.0,1.0,-78.904495,35.968809,140000
434,2000.0,2.0,,1.0,,7841.0,1792.0,2.0,3.0,2.0,-78.93087,36.079016,269000
435,2001.0,2.0,,1.0,,83200.0,3142.0,2.0,4.0,2.0,-78.981018,36.063824,525000
436,1930.0,2.0,,,,8015.0,2046.0,,3.0,2.0,-78.881508,35.991014,365000
437,1962.0,1.0,,,,15246.0,1028.0,,3.0,1.0,-79.019723,35.999898,226000
438,1944.0,2.0,,,,7144.0,1200.0,,2.0,1.0,-78.88953,36.021081,229000
442,1958.0,1.0,,1.0,,21606.0,1595.0,,3.0,1.0,-78.845197,35.97583,200000
443,2011.0,2.0,,1.0,,5227.0,2116.0,2.0,4.0,2.0,-78.852981,35.867597,300000
445,2020.0,3.0,,,,4792.0,1772.0,,4.0,2.0,-78.8993,35.976835,340000
447,2016.0,2.0,,,,15028.0,1181.0,,3.0,1.0,-78.872865,35.997842,250000
448,1962.0,2.0,,,,20038.0,952.0,1.0,3.0,1.0,-78.853818,35.988235,200000
449,2013.0,2.0,,1.0,,7667.0,2457.0,2.0,3.0,2.0,-78.823012,35.962518,299900
450,1924.0,2.0,,,,12110.0,1409.0,,3.0,1.0,-78.890102,35.99819,389000
451,2016.0,3.0,,,,4792.0,1781.0,2.0,3.0,2.0,-78.786884,35.939343,393000
452,1950.0,1.0,,,,4835.0,863.0,,2.0,1.0,-78.902281,35.972563,139900
454,1950.0,2.0,,,,31929.0,2464.0,2.0,5.0,2.0,-78.933013,35.96433,399000
457,2016.0,2.0,,1.0,,6534.0,2436.0,2.0,4.0,2.0,-78.805983,35.954163,349900
458,1991.0,3.0,,,,23522.0,2444.0,2.0,4.0,1.0,-78.880279,36.088656,349900
459,1990.0,2.0,,,,18426.0,1375.0,,3.0,,-78.914632,36.058945,229900
461,1941.0,2.0,,,,7405.0,1780.0,,3.0,1.0,-78.877609,35.997023,319900
462,2020.0,2.0,,1.0,,6490.0,2082.0,2.0,3.0,1.0,-78.791474,35.947717,424990
464,1950.0,2.0,,,,311498.0,2575.0,,3.0,1.0,-78.90315,36.081897,369900
465,1960.0,1.0,,,,11238.0,1019.0,,3.0,1.0,-78.911929,35.903097,195000
467,2007.0,4.0,,1.0,,16074.0,4101.0,2.0,5.0,2.0,-78.976136,35.895196,729000
469,2013.0,3.0,,1.0,,15725.0,3588.0,3.0,4.0,2.0,-78.945075,35.879622,624800
470,2017.0,2.0,,,,8146.0,2603.0,2.0,3.0,1.0,-78.793938,35.935472,575000
473,2017.0,3.0,,2.0,,9583.0,3892.0,2.0,4.0,2.0,-78.998971,35.930182,875000
478,1933.0,2.0,,1.0,,46174.0,3213.0,,6.0,2.0,-78.985658,36.03318,450000
480,1977.0,1.0,,1.0,,54450.0,1045.0,1.0,2.0,1.0,-79.028661,36.050349,215000
481,1956.0,1.0,,,,4443.0,676.0,,2.0,1.0,-78.882664,36.041667,124000
482,1993.0,2.0,,1.0,,9453.0,1996.0,2.0,3.0,2.0,-78.936599,35.928861,318900
483,2002.0,2.0,,1.0,,4008.0,1600.0,,3.0,2.0,-78.817058,35.924717,212900
484,,3.0,,,,,1916.0,2.0,3.0,2.0,-78.772463,35.930571,392790
485,,3.0,,,,,2160.0,2.0,2.0,1.0,-78.771133,35.930171,435030
486,2020.0,2.0,,1.0,,4792.0,1486.0,,3.0,2.0,-78.899299,35.976566,294000
487,2020.0,4.0,,,,7841.0,2968.0,2.0,5.0,2.0,-78.955285,35.879871,668400
488,2021.0,3.0,,,,6534.0,2422.0,2.0,4.0,2.0,-78.79332347,35.957063401,383790
489,2021.0,3.0,,,,6970.0,2422.0,2.0,4.0,2.0,-78.79378451,35.952210699,388290
490,1985.0,2.0,,1.0,,7449.0,1514.0,,3.0,2.0,-78.925849,35.975764,295000
491,1938.0,2.0,,,,6055.0,1173.0,,3.0,1.0,-78.904614,35.971488,210000
493,1965.0,2.0,,2.0,,32409.0,2715.0,,3.0,,-78.955316,35.931967,349500
494,2017.0,3.0,,1.0,,9148.0,3501.0,2.0,5.0,3.0,-78.804578,35.955522,459900
495,2002.0,2.0,,1.0,,42689.0,1518.0,1.0,3.0,1.0,-78.912044,35.925616,279700
496,1947.0,1.0,,,,10237.0,1520.0,,3.0,2.0,-78.890104,36.024914,229900
497,1921.0,2.0,,,,6839.0,1311.0,,2.0,1.0,-78.911602,36.015878,428900
499,1960.0,2.0,,,,39640.0,1958.0,3.0,3.0,1.0,-78.803795,36.01632,279900
502,1989.0,2.0,,,,10890.0,1195.0,,3.0,1.0,-78.887436,36.028782,214900
509,2020.0,2.0,,,,29621.0,1911.0,2.0,3.0,2.0,-78.93904,36.117697,325000
511,2006.0,5.0,,1.0,,13504.0,5179.0,2.0,5.0,2.0,-78.959605,35.865189,925000
512,2021.0,2.0,,1.0,,4792.0,1916.0,2.0,3.0,1.0,-78.77246306,35.930571363,392790
513,1929.0,1.0,,,,11413.0,1288.0,,2.0,1.0,-78.922736,36.014282,399000
514,2004.0,2.0,,1.0,,5663.0,1849.0,2.0,3.0,2.0,-78.810097,36.007355,245000
515,2018.0,2.0,,1.0,,6621.0,2197.0,,3.0,2.0,-78.885943,36.001175,675000
517,2020.0,3.0,,1.0,,7100.0,2725.0,2.0,3.0,1.0,-78.835787,35.903604,539900
518,1995.0,2.0,,1.0,,7405.0,2233.0,2.0,4.0,2.0,-78.941142,35.931325,349900
521,2015.0,3.0,,,,8233.0,2627.0,2.0,5.0,2.0,-78.830998,35.956874,339900
522,1974.0,2.0,,1.0,,12023.0,2087.0,,4.0,2.0,-78.923607,35.982999,449900
524,2018.0,4.0,,1.0,,40032.0,4300.0,3.0,4.0,2.0,-78.971514,36.056316,1150000
525,2020.0,3.0,,,,6098.0,2671.0,2.0,4.0,2.0,-78.79087193,35.960628322,388665
527,2020.0,3.0,,,,7841.0,2671.0,2.0,4.0,2.0,-78.7917517,35.960697795,390965
530,1995.0,2.0,,,,9975.0,1252.0,,3.0,1.0,-78.889264,35.965632,174900
532,1968.0,2.0,,,,15420.0,1385.0,2.0,3.0,1.0,-78.902909,36.067571,225000
534,2007.0,4.0,,2.0,,409638.0,4490.0,3.0,4.0,2.0,-78.929074,36.125681,949000
535,2017.0,3.0,,,,5750.0,2411.0,2.0,3.0,2.0,-78.830063,35.903197,459000
537,1964.0,2.0,,1.0,,33541.0,1961.0,2.0,3.0,1.0,-78.911491,36.06031,329000
541,1997.0,4.0,,,,17685.0,3326.0,2.0,5.0,2.0,-78.949201,35.975357,675000
542,1966.0,4.0,,2.0,,89734.0,6064.0,2.0,5.0,2.0,-78.946039,35.98684,2200000
543,1930.0,2.0,,1.0,,8712.0,1511.0,,3.0,2.0,-78.878689,35.981344,335000
544,1980.0,1.0,,,,25265.0,933.0,,3.0,1.0,-78.959448,36.089166,170000
545,2002.0,2.0,,1.0,,7579.0,1532.0,,3.0,2.0,-78.919971,35.947061,235000
547,2006.0,2.0,,1.0,,5663.0,1714.0,2.0,3.0,2.0,-78.87067,36.061165,254900
548,1945.0,4.0,,,,7449.0,1676.0,,5.0,1.0,-78.893426,36.02073,299000
549,1961.0,1.0,,1.0,,21780.0,1505.0,,3.0,1.0,-78.909572,35.958407,225000
550,1976.0,3.0,,,,22172.0,2974.0,2.0,5.0,1.0,-78.94349,35.958657,397500
551,2020.0,2.0,,1.0,,6534.0,2080.0,,3.0,2.0,-78.905205,36.013594,745000
554,2020.0,4.0,,,,5227.0,3241.0,2.0,5.0,2.0,-78.95571,35.880464,650000
555,2006.0,5.0,,1.0,,25657.0,7778.0,2.0,8.0,2.0,-78.926015,35.890103,875000
557,,3.0,,,,,2422.0,2.0,4.0,2.0,-78.79317,35.95988,386290
558,,3.0,,,,,2422.0,2.0,4.0,2.0,-78.79229,35.96041,388290
559,,3.0,,,,,2529.0,2.0,3.0,2.0,-78.79219,35.96048,387340
560,,3.0,,,,,2671.0,2.0,4.0,2.0,-78.79124,35.96041,388335
561,,3.0,,,,,2529.0,2.0,3.0,2.0,-78.79069,35.96077,385340
563,1947.0,3.0,,,,64033.0,1579.0,,3.0,1.0,-78.895649,36.053839,235000
564,1993.0,4.0,,,,51793.0,4150.0,3.0,5.0,3.0,-78.870238,36.121784,490000
565,2021.0,2.0,,1.0,,12589.0,2437.0,,3.0,2.0,-78.916253,35.993264,550000
566,2020.0,3.0,,1.0,,4792.0,2412.0,2.0,4.0,2.0,-78.956091,35.879937,545000
567,1975.0,2.0,,,,21344.0,1564.0,,3.0,1.0,-78.938598,36.097347,294900
570,1920.0,2.0,,,,,1258.0,,3.0,2.0,-78.919731,35.995289,120000
573,1994.0,3.0,,1.0,,13939.0,3590.0,2.0,5.0,2.0,-78.927916,35.88418,525000
574,2019.0,2.0,,1.0,,22041.0,1881.0,,4.0,2.0,-78.928114,35.958652,389000
575,2019.0,2.0,,1.0,,8973.0,2524.0,3.0,3.0,1.0,-78.786656,35.94297,499000
576,2021.0,3.0,,1.0,,12632.0,2561.0,,4.0,2.0,-78.931603,36.025232,665424
577,2007.0,2.0,,,,12720.0,2203.0,2.0,3.0,1.0,-78.987051,35.979599,439000
578,1968.0,3.0,,,,94612.0,3534.0,2.0,4.0,,-78.888662,36.083829,439900
579,2020.0,2.0,,1.0,,5097.0,2219.0,2.0,3.0,2.0,-78.918533,36.01558,789000
580,1937.0,1.0,,,,5009.0,700.0,,2.0,2.0,-78.920399,35.98799,150000
581,1962.0,1.0,,1.0,,26572.0,2384.0,,3.0,1.0,-78.981755,36.044503,290000
582,,2.0,,1.0,,,1957.0,1.0,3.0,2.0,-78.789216,35.973911,299265
583,1940.0,2.0,,,,12894.0,1115.0,,3.0,1.0,-78.88798,35.995635,1100000
585,1940.0,2.0,,,,4095.0,1140.0,,3.0,1.0,-78.887668,35.995574,1100000
586,1940.0,2.0,,,,4704.0,1140.0,,3.0,1.0,-78.88753,35.995558,1100000
587,1925.0,2.0,,,,7492.0,1370.0,,3.0,1.0,-78.889042,35.993353,399000
588,2020.0,3.0,,,,6970.0,2427.0,1.0,4.0,2.0,-78.911717,36.016346,649900
589,2020.0,2.0,,,,8494.0,1790.0,,3.0,1.0,-78.886922,35.993944,449900
591,2019.0,2.0,,,,7013.0,1678.0,2.0,2.0,1.0,-78.775759,35.932268,419900
592,,3.0,,,,,2427.0,2.0,4.0,2.0,-78.47379,35.57323,378490
593,,3.0,,,,,2427.0,2.0,4.0,2.0,-78.47379,35.57323,387790
594,,3.0,,,,,2422.0,2.0,4.0,2.0,-78.79034,35.96043,383790
595,,3.0,,,,,2427.0,2.0,4.0,2.0,-78.47379,35.57323,388790
596,,3.0,,,,,2388.0,2.0,3.0,2.0,-78.47379,35.57323,378140
597,,3.0,,,,,2388.0,2.0,3.0,2.0,-78.47379,35.57323,373340
598,,3.0,,,,,2529.0,2.0,3.0,2.0,-78.47379,35.57323,383840
599,,3.0,,,,,2529.0,2.0,4.0,2.0,-78.79074,35.96016,380340
600,,3.0,,,,,2529.0,2.0,3.0,2.0,-78.7916,35.9603,382840
601,,3.0,,,,,2388.0,2.0,3.0,2.0,-78.7916,35.9603,375840
602,,3.0,,,,,2422.0,2.0,4.0,2.0,-78.79061,35.96024,384290
603,,3.0,,,,,2671.0,2.0,4.0,2.0,-78.7916,35.9603,388665
604,,3.0,,,,,2671.0,2.0,4.0,2.0,-78.7916,35.9602,391340
605,,3.0,,,,,2529.0,2.0,4.0,2.0,-78.79017,35.96053,383340
606,,3.0,,,,,2529.0,2.0,3.0,2.0,-78.7916,35.9602,381540
607,,3.0,,,,,2529.0,2.0,3.0,2.0,-78.47379,35.57323,377040
608,,3.0,,,,,2529.0,2.0,4.0,2.0,-78.7905,35.96036,382340
609,1955.0,1.0,,1.0,,8843.0,1437.0,1.0,3.0,1.0,-78.89916,36.013452,398000
611,2002.0,3.0,,1.0,,22869.0,2884.0,2.0,4.0,3.0,-78.967904,35.943895,500000
612,2020.0,2.0,,1.0,,6534.0,2517.0,1.0,3.0,2.0,-78.889183,36.004036,750000
613,1959.0,1.0,,,,11587.0,1275.0,,3.0,1.0,-78.92622,36.025762,240000
616,,3.0,,1.0,,,2638.0,2.0,4.0,,-78.980338,35.97251,550000
617,,,,,,6970.0,7013.0,,1.0,,-78.899418,36.009712,450000
618,2020.0,2.0,,1.0,,6970.0,2426.0,1.0,3.0,2.0,-78.911577,36.016357,649900
619,1997.0,4.0,,1.0,,37462.0,8125.0,4.0,4.0,,-78.86277,36.124692,925000
620,2020.0,2.0,,1.0,,4792.0,1457.0,,3.0,2.0,-78.8993,35.9767,294000
621,,2.0,,1.0,,2429.0,2429.0,2.0,3.0,1.0,-78.92333,36.094191,332900
623,2015.0,3.0,,,,4792.0,2032.0,2.0,3.0,2.0,-78.7841,35.937683,400000
624,2016.0,2.0,,1.0,,8451.0,2108.0,2.0,2.0,1.0,-78.820948,35.899657,455000
625,1925.0,1.0,,1.0,,6970.0,1733.0,,3.0,,-78.911712,35.984788,479500
626,2021.0,3.0,,,,5663.0,2637.0,2.0,4.0,2.0,-78.97607871,35.973596375,472990
628,2020.0,3.0,,,,6534.0,2529.0,2.0,3.0,2.0,-78.79051788,35.960376481,381340
629,2020.0,3.0,,,,6098.0,2422.0,2.0,4.0,2.0,-78.79060736,35.96026102,384290
631,1968.0,2.0,,,,7405.0,,,4.0,2.0,-78.906177,35.960296,189500
632,,3.0,,,,,2239.0,2.0,3.0,,-78.833465,35.906508,406392
633,,2.0,,1.0,,,2076.0,3.0,2.0,1.0,-78.83598,35.904542,517647
635,2019.0,2.0,,1.0,,11326.0,1698.0,1.0,3.0,2.0,-78.927967,35.958291,374900
637,2000.0,3.0,,2.0,,66777.0,4751.0,5.0,4.0,2.0,-78.95142,36.046757,1150000
638,1961.0,2.0,,,,1907928.0,1674.0,,2.0,1.0,-78.857946,36.07465,1495000
644,2020.0,3.0,,,,6098.0,2529.0,2.0,3.0,2.0,-78.79073246,35.960176745,380340
645,2012.0,2.0,,1.0,,5663.0,2366.0,2.0,4.0,2.0,-78.87128,36.0621,280000
646,1954.0,1.0,,,,60026.0,1138.0,,2.0,1.0,-78.889306,35.929958,280000
650,1910.0,1.0,,,,7362.0,973.0,,2.0,1.0,-78.874681,35.984559,169400
651,2020.0,2.0,,1.0,,9017.0,1397.0,,3.0,2.0,-78.903348,35.965491,299967
654,2020.0,3.0,,,,7710.0,2931.0,2.0,3.0,2.0,-78.9369199,35.890446022,602390
655,2020.0,3.0,,,,7231.0,2931.0,2.0,3.0,2.0,-78.93660563,35.88724129,633770
656,2020.0,3.0,,1.0,,11326.0,2638.0,2.0,4.0,2.0,-78.97597116,35.973603683,550000
657,1980.0,3.0,,1.0,,33106.0,2986.0,2.0,4.0,2.0,-78.960114,36.082303,470000
658,2004.0,3.0,,2.0,,60548.0,5889.0,3.0,4.0,2.0,-78.949091,36.052916,1450000
661,2020.0,2.0,,,,4356.0,1200.0,,2.0,2.0,-78.886461,36.02438,348500
662,1971.0,2.0,,,,20038.0,1501.0,,3.0,1.0,-78.93317,36.082087,245000
663,2006.0,6.0,,3.0,,544500.0,15675.0,4.0,5.0,2.0,-78.928112,35.855592,7500000
664,2021.0,2.0,,1.0,,7841.0,2160.0,2.0,2.0,1.0,-78.77113268,35.930171218,435030
666,1950.0,3.0,,,,6578.0,2297.0,1.0,4.0,2.0,-78.8747,35.983882,395000
667,1940.0,1.0,,,,7057.0,829.0,,2.0,1.0,-78.901492,36.00963,249900
668,1953.0,2.0,,,,7841.0,1509.0,,4.0,1.0,-78.877615,36.023129,244900
669,2020.0,2.0,,,,9496.0,1362.0,,3.0,1.0,-78.853906,35.98881,244900
670,2020.0,2.0,,,,9496.0,1248.0,,4.0,1.0,-78.853743,35.988774,241900
671,1940.0,1.0,,,,15377.0,882.0,,3.0,1.0,-78.854706,35.967194,179000
673,1917.0,2.0,,,,17424.0,2900.0,,4.0,2.0,-78.898637,35.982108,329900
674,1940.0,1.0,,,,10498.0,967.0,,2.0,1.0,-78.909357,36.036354,249000
675,2018.0,2.0,,,,6360.0,2058.0,2.0,3.0,1.0,-78.776453,35.931527,459900
677,2019.0,2.0,,1.0,,5271.0,2367.0,,3.0,2.0,-78.904534,35.980629,429999
678,,2.0,,1.0,,,2150.0,2.0,2.0,1.0,-78.835343,35.906342,491530
679,,2.0,,,,2160.0,2160.0,2.0,2.0,1.0,-78.76246,35.926044,372490
680,,2.0,,1.0,,2149.0,2149.0,2.0,2.0,1.0,-78.76246,35.926044,372490
681,,2.0,,1.0,,1916.0,1916.0,2.0,2.0,2.0,-78.76246,35.926044,342990
682,,3.0,,,,2085.0,2085.0,1.0,3.0,2.0,-78.76246,35.926044,337990
683,,2.0,,1.0,,1997.0,1997.0,2.0,2.0,1.0,-78.76246,35.926044,365490
684,,2.0,,1.0,,1931.0,1931.0,2.0,2.0,2.0,-78.76246,35.926044,344990
685,,2.0,,,,2056.0,2056.0,2.0,2.0,1.0,-78.76246,35.926044,368490
686,,2.0,,1.0,,2025.0,2025.0,2.0,2.0,1.0,-78.76246,35.926044,374490
689,1920.0,1.0,,,,2352.0,1098.0,,3.0,2.0,-78.900094,35.981966,90000
690,2020.0,3.0,,,,5619.0,2429.0,2.0,3.0,2.0,-78.790712,35.944394,417175
691,,2.0,,,,,1700.0,2.0,3.0,1.0,-78.757031,35.929417,384241
692,2020.0,2.0,,1.0,,6970.0,2114.0,3.0,2.0,1.0,-78.835981,35.904514,517647
693,1925.0,3.0,,1.0,,7579.0,2869.0,,4.0,2.0,-78.918911,35.976815,545000
695,2020.0,2.0,,1.0,,6970.0,2150.0,2.0,2.0,1.0,-78.835343,35.906342,491530
698,1955.0,1.0,,,,7710.0,825.0,,3.0,1.0,-78.869769,35.990142,200000
699,2007.0,2.0,,1.0,,9235.0,2285.0,2.0,4.0,2.0,-78.811522,35.95215,350000
701,1985.0,2.0,,,,20038.0,1200.0,,3.0,1.0,-78.925538,35.960562,229900
703,1969.0,2.0,,,,9148.0,1600.0,,3.0,1.0,-78.886267,35.963353,229000
710,1955.0,2.0,,,,7449.0,1473.0,,2.0,2.0,-78.902537,36.018079,275000
719,1972.0,3.0,,,,20038.0,2600.0,,3.0,,-78.933425,36.081396,325000
721,2020.0,2.0,,,,6403.0,2970.0,2.0,2.0,1.0,-78.779792,35.934588,572155
722,2020.0,2.0,,,,6839.0,2035.0,2.0,2.0,1.0,-78.77755,35.934309,553500
725,2011.0,7.0,,2.0,,283140.0,9582.0,3.0,5.0,3.0,-78.960585,35.950595,3850000
726,2021.0,2.0,,1.0,,5227.0,1848.0,2.0,3.0,2.0,-78.890775,35.998781,565000
727,2019.0,2.0,,1.0,,2178.0,2675.0,2.0,3.0,3.0,-78.908891,35.98726,825000
728,2021.0,2.0,,1.0,,24829.0,2627.0,2.0,4.0,2.0,-78.940105,35.957359,599900
729,2020.0,2.0,,1.0,,6142.0,2118.0,2.0,3.0,1.0,-78.791036,35.943911,428430
730,2020.0,3.0,,,,5750.0,2460.0,2.0,3.0,2.0,-78.790877,35.944154,434590
731,2020.0,2.0,,,,5663.0,1659.0,,3.0,1.0,-78.905777,35.971591,329900
732,2020.0,2.0,,,,16117.0,1416.0,2.0,3.0,1.0,-78.86392,35.973999,235000
733,1959.0,2.0,,,,48787.0,1527.0,2.0,3.0,2.0,-78.961408,35.951664,275000
737,2008.0,6.0,,2.0,,134731.0,11409.0,4.0,5.0,2.0,-78.954753,35.949073,4200000
738,1920.0,2.0,,,,11238.0,2710.0,,4.0,1.0,-78.909161,36.005202,799000
739,2020.0,3.0,,,,6098.0,2529.0,2.0,3.0,2.0,-78.79399624,35.952721508,381540
740,2020.0,3.0,,,,8276.0,2529.0,2.0,3.0,2.0,-78.79395332,35.952235146,377040
741,2020.0,3.0,,,,6970.0,2529.0,2.0,3.0,2.0,-78.79473116,35.950797755,382840
742,2021.0,2.0,,1.0,,18295.0,2808.0,2.0,4.0,2.0,-78.859618,36.124857,389900
743,2020.0,3.0,,,,6534.0,2422.0,2.0,4.0,2.0,-78.79388145,35.958716838,388790
744,2020.0,3.0,,,,6534.0,2422.0,2.0,4.0,2.0,-78.79370979,35.95882105,387790
745,2020.0,3.0,,,,6534.0,2422.0,2.0,4.0,2.0,-78.79260802,35.958556177,377490
746,2020.0,3.0,,,,6970.0,2388.0,2.0,3.0,2.0,-78.79362396,35.958977368,373340
747,2020.0,3.0,,,,6098.0,2529.0,2.0,3.0,2.0,-78.79401539,35.95299506,383840
748,1952.0,2.0,,,,9583.0,1512.0,,3.0,1.0,-78.931962,36.040339,265000
749,,2.0,,,,1902.0,1902.0,2.0,3.0,1.0,-78.79386,35.95896,350990
750,,2.0,,,,1796.0,1796.0,2.0,2.0,1.0,-78.79386,35.95896,345990
751,,2.0,,,,1883.0,1883.0,2.0,3.0,1.0,-78.79386,35.95896,350990
752,,2.0,,,,1672.0,1672.0,2.0,2.0,1.0,-78.79386,35.95896,342990
753,2021.0,3.0,,1.0,,5663.0,2819.0,2.0,4.0,2.0,-78.955722,35.878571,633000
754,2020.0,3.0,,,,7405.0,2388.0,2.0,3.0,2.0,-78.79241697,35.958295646,375840
755,2020.0,3.0,,,,6534.0,2388.0,2.0,3.0,2.0,-78.79044499,35.96080684,378140
757,1946.0,1.0,,,,7275.0,1172.0,,2.0,1.0,-78.890841,36.000088,239900
758,2020.0,5.0,,,,4966.0,3389.0,2.0,5.0,2.0,-78.956212,35.879008,655000
760,2020.0,2.0,,,,5793.0,1861.0,2.0,3.0,1.0,-78.791546,35.944052,414070
761,2020.0,3.0,,,,3703.0,2437.0,2.0,4.0,2.0,-78.955022,35.880316,495000
762,1963.0,2.0,,,,25265.0,2250.0,,3.0,1.0,-78.964017,35.986757,369500
763,1940.0,1.0,,,,82503.0,547.0,,1.0,1.0,-78.823588,36.019023,150000
767,1983.0,4.0,,,,50965.0,3712.0,2.0,5.0,2.0,-78.919586,35.903282,595000
772,2020.0,3.0,,,,46783.0,1582.0,,4.0,3.0,-78.891465,35.978097,385000
773,2020.0,3.0,,,,10106.0,1582.0,,4.0,2.0,-78.891459,35.978505,375000
774,1950.0,1.0,,,,15682.0,742.0,,2.0,1.0,-78.820006,35.894969,125000
777,2020.0,3.0,,,,6578.0,2588.0,2.0,3.0,2.0,-78.93606639,35.889069471,588485
778,2020.0,3.0,,,,7710.0,2034.0,2.0,3.0,2.0,-78.93685737,35.889355907,469180
779,2020.0,2.0,,1.0,,6534.0,2212.0,1.0,3.0,2.0,-78.889431,36.004014,675000
781,2021.0,3.0,,,,7841.0,3520.0,2.0,4.0,2.0,-78.905147,36.014672,825000
782,2020.0,2.0,,1.0,,10019.0,1920.0,2.0,4.0,2.0,-78.80654,36.026217,259999
784,1940.0,2.0,,,,8712.0,1339.0,,3.0,1.0,-78.876006,36.001757,187000
786,1950.0,1.0,,,,28750.0,888.0,,2.0,1.0,-78.864531,35.981974,260000
789,1956.0,2.0,,,,9627.0,1724.0,,3.0,1.0,-78.881458,35.940579,130000
795,1972.0,2.0,,,,20168.0,1728.0,,4.0,1.0,-78.988054,35.97078,319900
797,2020.0,2.0,,,,29621.0,1412.0,2.0,3.0,1.0,-78.802174,35.973037,306900
798,1997.0,3.0,,1.0,,24002.0,3026.0,2.0,4.0,2.0,-78.858981,36.135437,415000
802,2020.0,3.0,,,,7144.0,2585.0,2.0,3.0,2.0,-78.93655041,35.889529532,528250
803,2020.0,2.0,,1.0,,10193.0,2022.0,2.0,3.0,2.0,-78.887432,36.003857,725000
804,2020.0,2.0,,1.0,,9845.0,2022.0,2.0,3.0,2.0,-78.887599,36.003835,725000
805,2020.0,2.0,,,,14375.0,1543.0,2.0,3.0,1.0,-78.8741,36.1036,249999
806,1979.0,4.0,,1.0,,30928.0,5372.0,2.0,4.0,2.0,-78.915472,35.974426,860000
810,1955.0,2.0,,,,714384.0,1080.0,,3.0,1.0,-78.828154,36.026602,525000
814,2020.0,2.0,,1.0,,30928.0,2392.0,2.0,4.0,2.0,-78.924294,35.942105,379900
815,,2.0,,1.0,,1680.0,1680.0,2.0,4.0,2.0,-78.888844,36.059057,264990
816,,2.0,,1.0,,1903.0,1903.0,2.0,4.0,2.0,-78.888844,36.059057,274990
817,,2.0,,1.0,,2203.0,2203.0,2.0,4.0,2.0,-78.888844,36.059057,284990
818,,2.0,,,,1440.0,1440.0,2.0,3.0,2.0,-78.888844,36.059057,239990
819,,2.0,,,,1296.0,1296.0,2.0,3.0,1.0,-78.888844,36.059057,254990
823,2020.0,2.0,,1.0,,10454.0,2225.0,2.0,4.0,2.0,-78.874367,36.103034,304900
824,2020.0,2.0,,1.0,,11326.0,1920.0,2.0,3.0,2.0,-78.839175,35.990202,270000
825,2007.0,5.0,,2.0,,28488.0,6685.0,3.0,5.0,2.0,-78.956417,35.865512,1199999
827,1971.0,2.0,,1.0,,11326.0,1382.0,,4.0,1.0,-78.845327,35.98503,83900
828,1900.0,1.0,,,,10454.0,1586.0,,4.0,2.0,-78.900966,35.98245,161500
829,1999.0,3.0,,2.0,,276606.0,3255.0,8.0,4.0,2.0,-78.954926,35.850084,850000
832,1938.0,1.0,,,,91258.0,900.0,,1.0,1.0,-78.840737,36.024129,340000
833,,2.0,,,,1551.0,1551.0,2.0,2.0,1.0,-78.7896,35.9409,309990
834,,2.0,,1.0,,2082.0,2082.0,2.0,3.0,1.0,-78.7896,35.9409,367990
835,,2.0,,,,2114.0,2114.0,2.0,2.0,,-78.939041,35.888399,489400
836,,2.0,,1.0,,2169.0,2169.0,2.0,2.0,1.0,-78.7896,35.9409,376990
837,,2.0,,,,1888.0,1888.0,2.0,2.0,,-78.939041,35.888399,463400
838,,2.0,,1.0,,1924.0,1924.0,2.0,3.0,2.0,-78.8238,35.9966,277990
839,,3.0,,,,2134.0,2134.0,2.0,4.0,2.0,-78.8238,35.9966,290990
840,,2.0,,1.0,,1859.0,1859.0,2.0,3.0,2.0,-78.8238,35.9966,273990
841,,2.0,,,,2053.0,2053.0,2.0,2.0,,-78.939041,35.888399,471400
842,,2.0,,,,1800.0,1800.0,2.0,2.0,1.0,-78.7896,35.9409,344990
843,,2.0,,,,1643.0,1643.0,2.0,2.0,,-78.939041,35.888399,429400
844,,2.0,,,,1873.0,1873.0,2.0,2.0,1.0,-78.7896,35.9409,349990
845,,2.0,,,,1776.0,1776.0,2.0,2.0,,-78.939041,35.888399,439400
846,2020.0,2.0,,1.0,,5227.0,2173.0,,3.0,2.0,-78.886474,36.009042,589900
847,,2.0,,,,1519.0,1519.0,2.0,2.0,,-78.939041,35.888399,409400
848,,2.0,,,,1888.0,1888.0,2.0,2.0,,-78.778123,35.931734,426400
853,,2.0,,,,1776.0,1776.0,2.0,2.0,,-78.778123,35.931734,402400
854,,2.0,,,,1519.0,1519.0,2.0,2.0,,-78.778123,35.931734,372400
856,2019.0,3.0,,1.0,,2178.0,3131.0,2.0,4.0,3.0,-78.908962,35.987111,930000
857,2020.0,2.0,,1.0,,6970.0,1979.0,,3.0,2.0,-78.883248,35.994219,389997
858,1995.0,2.0,,,,12284.0,1248.0,,3.0,2.0,-78.872607,35.989316,375000
859,2020.0,3.0,,1.0,,7405.0,3098.0,2.0,4.0,2.0,-78.859458,36.126644,415900
861,,2.0,,1.0,,2076.0,2076.0,3.0,2.0,1.0,-78.824651,35.900136,422900
862,,2.0,,,,1608.0,1608.0,2.0,2.0,1.0,-78.824651,35.900136,305900
863,,3.0,,1.0,,2425.0,2425.0,2.0,3.0,1.0,-78.824651,35.900136,433900
864,,2.0,,,,1660.0,1660.0,2.0,2.0,1.0,-78.824651,35.900136,355900
865,,2.0,,,,1904.0,1904.0,2.0,2.0,1.0,-78.824651,35.900136,367900
866,,2.0,,1.0,,2131.0,2131.0,2.0,2.0,1.0,-78.824651,35.900136,416900
868,1935.0,2.0,,1.0,,5009.0,1980.0,,3.0,2.0,-78.881513,35.985773,354400
869,,2.0,,,,1760.0,1760.0,2.0,2.0,1.0,-78.824651,35.900136,357900
870,,2.0,,,,1320.0,1320.0,2.0,2.0,1.0,-78.824651,35.900136,288900
873,2016.0,1.0,,,,1031675.0,727.0,,1.0,1.0,-79.024751,36.022929,2570000
883,1910.0,1.0,,,,329401.0,1200.0,,2.0,1.0,-78.810671,35.962455,425000
888,2003.0,5.0,,2.0,,25700.0,5072.0,3.0,6.0,2.0,-78.95615,35.863319,840000
892,2020.0,4.0,,1.0,,21344.0,3930.0,3.0,4.0,2.0,-78.958618,36.074889,925000
894,2019.0,4.0,,1.0,,22651.0,4811.0,3.0,4.0,2.0,-78.958647,36.074615,1070000
917,2004.0,4.0,,2.0,,274515.0,7163.0,3.0,4.0,2.0,-78.927609,35.854146,2500000
919,1930.0,2.0,,,,7971.0,1566.0,,3.0,1.0,-78.888187,36.028832,327750
923,2020.0,2.0,,1.0,,4400.0,1838.0,,3.0,2.0,-78.912422,36.011746,580000
929,1936.0,4.0,,3.0,,135907.0,9085.0,3.0,5.0,3.0,-78.950811,35.950569,2900000
931,2020.0,3.0,,1.0,,10019.0,3199.0,2.0,4.0,2.0,-78.86117,36.125702,424999
932,1959.0,1.0,,,,7579.0,884.0,,3.0,1.0,-78.90486,35.985504,180000
