,list_price,description.year_built,description.baths_full,description.baths_3qtr,description.baths_half,description.baths_1qtr,description.lot_sqft,description.sqft,description.garage,description.beds
0,179000,1972.0,2.0,,,,20038.0,1611.0,,3.0
3,140000,2001.0,1.0,,1.0,,8407.0,1158.0,,3.0
4,364900,1925.0,2.0,,,,5271.0,1511.0,,3.0
8,299900,1970.0,2.0,,,,16553.0,1836.0,2.0,3.0
9,259900,1968.0,2.0,,,,19994.0,1460.0,1.0,3.0
11,268500,1997.0,2.0,,1.0,,38768.0,1914.0,2.0,3.0
13,474900,1998.0,3.0,,1.0,,22651.0,3444.0,2.0,4.0
15,399000,1968.0,2.0,,1.0,,53143.0,2253.0,2.0,3.0
16,275000,1993.0,2.0,,,,16117.0,1828.0,2.0,3.0
17,300000,1971.0,2.0,,,,20038.0,1800.0,1.0,3.0
18,416625,2021.0,2.0,,,,6490.0,1800.0,1.0,2.0
25,99900,1964.0,1.0,,,,7405.0,843.0,,3.0
27,270000,1940.0,2.0,,,,5097.0,1599.0,,3.0
28,330000,2017.0,2.0,,1.0,,7100.0,2462.0,2.0,3.0
30,215000,1925.0,1.0,,,,9583.0,1466.0,,3.0
33,395660,,3.0,,,,,1916.0,2.0,3.0
44,690000,1995.0,3.0,,1.0,,37287.0,4600.0,3.0,4.0
45,215000,2000.0,2.0,,1.0,,11326.0,1620.0,,3.0
47,230000,1996.0,1.0,,,,10019.0,884.0,,3.0
48,240000,1969.0,2.0,,,,20473.0,1297.0,,3.0
49,260000,2008.0,3.0,,,,10019.0,1958.0,2.0,4.0
50,391900,,3.0,,,,,1931.0,2.0,2.0
51,422210,,3.0,,,,,2149.0,2.0,2.0
53,285000,1991.0,2.0,,1.0,,12632.0,2145.0,2.0,3.0
54,290900,2002.0,2.0,,1.0,,6970.0,1583.0,1.0,3.0
55,334900,2017.0,2.0,,1.0,,5663.0,2046.0,2.0,4.0
56,179900,1969.0,1.0,,1.0,,7405.0,998.0,,3.0
57,385000,1994.0,2.0,,1.0,,16553.0,2863.0,2.0,4.0
58,299900,1978.0,3.0,,1.0,,21780.0,3496.0,,3.0
59,259000,1969.0,1.0,,1.0,,19994.0,1305.0,,3.0
60,496000,2021.0,3.0,,1.0,,21780.0,3574.0,2.0,5.0
61,549900,2020.0,3.0,,,,10803.0,2634.0,2.0,4.0
62,485000,1957.0,2.0,,1.0,,49223.0,2620.0,2.0,3.0
64,395660,2021.0,2.0,,1.0,,4792.0,1916.0,2.0,3.0
65,292000,1959.0,2.0,,1.0,,11848.0,1763.0,1.0,3.0
66,536025,2021.0,4.0,,1.0,,21780.0,3493.0,3.0,5.0
68,500000,2016.0,3.0,,,,6098.0,3265.0,2.0,3.0
70,419000,1925.0,1.0,,1.0,,7667.0,1586.0,,3.0
72,237000,1998.0,2.0,,1.0,,12066.0,1423.0,,3.0
73,504900,2021.0,2.0,,1.0,,21344.0,2805.0,3.0,3.0
74,235000,2004.0,2.0,,1.0,,7013.0,1810.0,1.0,3.0
76,469800,2009.0,3.0,,,,9148.0,3301.0,2.0,5.0
77,314900,1968.0,2.0,,1.0,,16379.0,2392.0,2.0,3.0
78,199900,1986.0,1.0,,1.0,,8625.0,955.0,,3.0
80,429900,2000.0,2.0,,1.0,,22651.0,2291.0,2.0,3.0
81,245000,1992.0,2.0,,1.0,,26136.0,1652.0,,3.0
82,406900,2021.0,2.0,,1.0,,15682.0,2685.0,2.0,3.0
84,273000,1994.0,2.0,,,,7841.0,1346.0,2.0,3.0
85,317900,,2.0,,1.0,,2139.0,2139.0,2.0,3.0
86,309900,,2.0,,1.0,,2098.0,2098.0,2.0,3.0
87,297900,,2.0,,1.0,,2001.0,2001.0,2.0,2.0
88,295900,,2.0,,1.0,,1950.0,1950.0,2.0,3.0
89,334900,,2.0,,1.0,,2271.0,2271.0,2.0,3.0
96,319900,2010.0,2.0,,1.0,,6098.0,2490.0,2.0,3.0
97,345000,2001.0,2.0,,1.0,,15856.0,2427.0,2.0,4.0
98,391900,2021.0,2.0,,1.0,,4792.0,1931.0,2.0,2.0
99,422210,2021.0,2.0,,1.0,,7841.0,2149.0,2.0,2.0
100,443490,2021.0,2.0,,1.0,,7623.0,2025.0,2.0,2.0
101,259900,2007.0,2.0,,1.0,,10803.0,1636.0,1.0,3.0
102,90000,1961.0,1.0,,,,36678.0,880.0,,2.0
104,435000,1930.0,2.0,,,,5097.0,1387.0,,3.0
105,320000,2013.0,2.0,,1.0,,5793.0,2435.0,2.0,3.0
106,199999,1961.0,1.0,,,,42689.0,1375.0,1.0,3.0
109,1500000,2006.0,4.0,,2.0,,44867.0,7588.0,3.0,5.0
110,319500,1930.0,2.0,,,,5837.0,1319.0,,3.0
114,444270,2021.0,2.0,,1.0,,6490.0,2169.0,2.0,2.0
115,337900,,2.0,,1.0,,1882.0,1882.0,2.0,2.0
116,375000,1957.0,1.0,,1.0,,10019.0,1870.0,,3.0
117,465605,2021.0,3.0,,,,6490.0,2429.0,2.0,3.0
118,353580,2021.0,2.0,,,,6186.0,1551.0,2.0,2.0
119,360000,2002.0,2.0,,1.0,,13939.0,2351.0,2.0,3.0
120,315000,2017.0,2.0,,,,20038.0,1680.0,2.0,3.0
121,500000,2007.0,3.0,,,,19689.0,3182.0,2.0,4.0
122,348000,2001.0,2.0,,1.0,,4356.0,2220.0,2.0,3.0
123,239900,1956.0,2.0,,,,19994.0,1568.0,,3.0
124,330000,1986.0,2.0,,1.0,,58850.0,2313.0,,4.0
126,850000,2017.0,4.0,,1.0,,82764.0,5141.0,2.0,5.0
127,319900,1927.0,2.0,,1.0,,11543.0,1435.0,,3.0
129,249900,2021.0,2.0,,1.0,,12720.0,1967.0,2.0,3.0
131,623000,1920.0,3.0,,,,6186.0,2347.0,,4.0
132,449900,1940.0,2.0,,,,7405.0,1439.0,,2.0
134,179900,1953.0,1.0,,,,17206.0,1000.0,,3.0
135,210000,1989.0,2.0,,,,5358.0,1375.0,,3.0
136,324900,1971.0,2.0,,,,15246.0,1618.0,,3.0
137,214000,1945.0,1.0,,1.0,,9148.0,1195.0,,3.0
138,461990,,2.0,,1.0,,2641.0,2641.0,2.0,3.0
140,337900,2015.0,2.0,,,,5140.0,1438.0,2.0,2.0
141,479990,,2.0,,1.0,,2935.0,2935.0,2.0,4.0
142,462990,,2.0,,1.0,,2641.0,2641.0,2.0,3.0
143,499900,1930.0,2.0,,,,10019.0,2005.0,2.0,3.0
144,375000,2018.0,2.0,,1.0,,7841.0,2140.0,,3.0
146,255000,1908.0,2.0,,1.0,,16117.0,3202.0,,8.0
149,215000,1933.0,2.0,,,,6578.0,1358.0,,3.0
151,239900,2013.0,2.0,,1.0,,6011.0,1888.0,2.0,3.0
152,270000,2006.0,2.0,,1.0,,8276.0,2336.0,2.0,4.0
153,374900,,2.0,,1.0,,2956.0,2956.0,2.0,4.0
160,219900,1959.0,1.0,,,,17424.0,990.0,,2.0
161,299000,1925.0,2.0,,,,11674.0,1547.0,,2.0
162,508000,1920.0,3.0,,,,4966.0,2275.0,,4.0
163,195000,1965.0,2.0,,,,20038.0,1323.0,,3.0
164,349000,1956.0,2.0,,,,24481.0,2938.0,1.0,3.0
165,306900,,2.0,,,,1962.0,1962.0,2.0,2.0
167,419900,1977.0,3.0,,,,17685.0,2174.0,,4.0
169,279000,1961.0,3.0,,,,20560.0,2928.0,1.0,3.0
170,429000,1977.0,2.0,,1.0,,22216.0,2042.0,,3.0
172,279900,2006.0,3.0,,,,3746.0,1248.0,,4.0
173,324900,,2.0,,1.0,,2394.0,2394.0,2.0,3.0
177,375000,1984.0,2.0,,,,16988.0,1931.0,2.0,3.0
179,481155,2021.0,3.0,,,,6490.0,2803.0,2.0,4.0
180,165000,1954.0,2.0,,1.0,,7449.0,598.0,,2.0
181,400000,1973.0,3.0,,,,38768.0,3056.0,2.0,3.0
182,306900,,2.0,,,,2025.0,2025.0,2.0,3.0
183,347900,,3.0,,,,2223.0,2223.0,2.0,3.0
184,315000,1964.0,3.0,,,,15682.0,1768.0,2.0,4.0
186,275000,1972.0,2.0,,,,18731.0,1604.0,,3.0
187,320000,1930.0,2.0,,,,4574.0,1032.0,,3.0
188,343900,,2.0,,1.0,,2622.0,2622.0,2.0,4.0
189,332900,,2.0,,,,1660.0,1660.0,2.0,2.0
190,415000,1994.0,2.0,,,,12066.0,2085.0,2.0,3.0
191,499900,2020.0,3.0,,1.0,,7754.0,2354.0,,4.0
193,469180,,2.0,,,,,1519.0,2.0,2.0
194,362205,2020.0,2.0,,,,4792.0,1470.0,2.0,2.0
197,313000,2013.0,2.0,,1.0,,8276.0,2446.0,2.0,4.0
198,313900,,2.0,,1.0,,2051.0,2051.0,2.0,2.0
199,475000,1960.0,2.0,,1.0,,26572.0,2725.0,,4.0
200,317500,1989.0,2.0,,1.0,,10193.0,2109.0,,4.0
201,450000,2018.0,3.0,,,,6098.0,2561.0,2.0,4.0
202,255000,1981.0,2.0,,,,31668.0,1434.0,3.0,3.0
204,470000,1947.0,2.0,,,,7492.0,1647.0,,3.0
205,270000,1948.0,1.0,,,,7449.0,787.0,,2.0
208,265000,1989.0,2.0,,1.0,,15246.0,2650.0,2.0,3.0
209,245000,1973.0,2.0,,1.0,,9583.0,1652.0,,4.0
210,225000,1964.0,2.0,,1.0,,8712.0,1566.0,,4.0
211,319900,2014.0,2.0,,,,5140.0,1364.0,2.0,2.0
213,524999,2002.0,2.0,,1.0,,46609.0,2828.0,2.0,3.0
214,414900,2018.0,3.0,,1.0,,5793.0,2800.0,2.0,5.0
215,249800,1948.0,1.0,,,,9278.0,1137.0,,3.0
217,1975000,1956.0,4.0,,1.0,,43647.0,6831.0,3.0,4.0
218,289500,1976.0,2.0,,,,16988.0,1296.0,,3.0
219,225000,1976.0,2.0,,,,23522.0,1810.0,,3.0
220,200000,1910.0,1.0,,,,5009.0,1564.0,,3.0
221,275000,1966.0,2.0,,,,14244.0,1681.0,,3.0
222,293900,,2.0,,,,1633.0,1633.0,2.0,3.0
223,353900,,3.0,,,,2307.0,2307.0,2.0,3.0
224,300000,2011.0,2.0,,1.0,,9148.0,1930.0,2.0,3.0
225,229900,1955.0,2.0,,,,21344.0,1399.0,,3.0
226,285000,1967.0,3.0,,,,42863.0,1865.0,1.0,4.0
227,1219075,2017.0,4.0,,1.0,,53579.0,4433.0,2.0,4.0
228,303990,,3.0,,1.0,,2293.0,2293.0,2.0,4.0
229,272990,,3.0,,1.0,,1869.0,1869.0,1.0,3.0
230,825000,1965.0,2.0,,1.0,,28270.0,4063.0,2.0,4.0
231,500000,1970.0,3.0,,1.0,,27878.0,2491.0,2.0,4.0
232,795000,1920.0,2.0,,,,7449.0,2418.0,,5.0
233,750000,2020.0,4.0,,,,4792.0,3481.0,2.0,5.0
234,119000,1930.0,2.0,,,,6534.0,1220.0,,3.0
235,299000,1978.0,3.0,,,,29839.0,1941.0,1.0,4.0
236,295000,2012.0,2.0,,1.0,,3485.0,1920.0,2.0,3.0
237,425000,2012.0,2.0,,1.0,,13504.0,2823.0,2.0,4.0
238,250000,1945.0,1.0,,,,7623.0,1003.0,,2.0
239,379900,2016.0,3.0,,,,7013.0,2914.0,2.0,4.0
240,318900,,2.0,,1.0,,2350.0,2350.0,2.0,3.0
241,301900,,2.0,,,,1913.0,1913.0,2.0,3.0
242,506900,2007.0,4.0,,1.0,,7405.0,4140.0,2.0,5.0
243,429900,1900.0,2.0,,1.0,,6752.0,1840.0,,3.0
244,249900,1998.0,2.0,,,,5227.0,1105.0,1.0,3.0
245,327900,1987.0,2.0,,1.0,,22216.0,2178.0,,3.0
246,457000,2000.0,3.0,,,,175982.0,3514.0,2.0,4.0
247,239900,1954.0,1.0,,,,15987.0,1287.0,,3.0
248,340000,2005.0,3.0,,1.0,,7405.0,2506.0,2.0,5.0
250,950000,2006.0,4.0,,1.0,,46174.0,4848.0,3.0,4.0
251,292900,,2.0,,,,1756.0,1756.0,2.0,2.0
252,334900,,3.0,,,,1913.0,1913.0,2.0,3.0
253,429000,2021.0,2.0,,1.0,,3180.0,2241.0,2.0,3.0
254,450100,2021.0,3.0,,1.0,,3180.0,2285.0,2.0,4.0
255,1500000,1905.0,2.0,,1.0,,21780.0,4200.0,2.0,4.0
256,442000,2021.0,3.0,,1.0,,3180.0,2301.0,2.0,4.0
257,279999,1964.0,2.0,,,,20038.0,1913.0,,4.0
258,313900,,2.0,,1.0,,2260.0,2260.0,2.0,3.0
259,662840,,4.0,,1.0,,,3720.0,2.0,4.0
260,662840,,4.0,,1.0,,2606.0,2606.0,2.0,4.0
261,669000,2009.0,2.0,,1.0,,1960.0,4072.0,2.0,3.0
263,90000,1925.0,1.0,,,,5140.0,984.0,,2.0
265,288900,,2.0,,,,1655.0,1655.0,2.0,2.0
266,229900,1943.0,2.0,,,,7449.0,1538.0,,3.0
271,435301,2020.0,2.0,,,,5663.0,1692.0,2.0,2.0
272,517000,2019.0,2.0,,1.0,,5532.0,1930.0,2.0,3.0
274,405000,2007.0,2.0,,1.0,,8276.0,2744.0,2.0,3.0
276,270000,2005.0,2.0,,1.0,,7405.0,2875.0,2.0,5.0
277,375000,1990.0,2.0,,1.0,,10106.0,2064.0,2.0,4.0
278,1249000,1972.0,3.0,,1.0,,59372.0,3960.0,,5.0
279,365000,1968.0,2.0,,,,36155.0,2179.0,,3.0
282,200000,1949.0,2.0,,,,7405.0,728.0,,2.0
285,300000,2002.0,2.0,,1.0,,20691.0,2120.0,2.0,4.0
286,375000,1946.0,2.0,,,,8799.0,2250.0,,3.0
289,245000,1976.0,1.0,,1.0,,15246.0,1522.0,,3.0
290,439900,2020.0,2.0,,1.0,,5663.0,1850.0,,3.0
292,235000,1982.0,1.0,,,,13939.0,1066.0,,2.0
294,345000,1995.0,2.0,,1.0,,18295.0,2444.0,2.0,4.0
295,379990,2010.0,3.0,,1.0,,8712.0,3250.0,2.0,5.0
296,358500,2000.0,2.0,,,,11674.0,2893.0,2.0,3.0
298,255000,1952.0,1.0,,1.0,,7405.0,1286.0,,3.0
299,320000,2012.0,2.0,,1.0,,8276.0,2424.0,2.0,4.0
300,383340,2020.0,3.0,,,,6534.0,2529.0,2.0,3.0
301,387340,2021.0,3.0,,,,6534.0,2529.0,2.0,3.0
302,388335,2020.0,3.0,,,,9583.0,2671.0,2.0,4.0
303,385340,2021.0,3.0,,,,6534.0,2529.0,2.0,3.0
304,386290,2021.0,3.0,,,,6534.0,2422.0,2.0,4.0
305,391790,2020.0,3.0,,,,6098.0,2422.0,2.0,4.0
306,562954,2020.0,3.0,,1.0,,6970.0,2923.0,2.0,3.0
307,400000,2017.0,2.0,,1.0,,4356.0,2177.0,2.0,3.0
308,2600000,2009.0,5.0,,3.0,,268025.0,7783.0,4.0,5.0
309,322900,1992.0,2.0,,1.0,,10890.0,2465.0,2.0,3.0
310,559000,2020.0,2.0,,1.0,,6055.0,2448.0,,3.0
311,449900,2011.0,3.0,,1.0,,26833.0,2820.0,2.0,5.0
313,335000,2006.0,2.0,,1.0,,12023.0,2377.0,2.0,3.0
314,223000,1956.0,1.0,,,,36155.0,1696.0,,3.0
315,897900,2005.0,3.0,,1.0,,7405.0,3065.0,2.0,4.0
317,260000,1968.0,2.0,,,,24829.0,1979.0,2.0,3.0
318,750000,1997.0,3.0,,1.0,,32322.0,3368.0,4.0,4.0
319,435301,,2.0,,,,,1692.0,2.0,2.0
320,562954,,3.0,,1.0,,,2923.0,2.0,3.0
321,362205,,2.0,,,,,1470.0,2.0,2.0
323,350000,1998.0,2.0,,1.0,,8276.0,2311.0,2.0,4.0
324,750000,2020.0,3.0,,1.0,,7057.0,2467.0,,4.0
325,350000,1943.0,1.0,,,,329444.0,1334.0,,2.0
326,355000,2014.0,2.0,,1.0,,8581.0,2478.0,2.0,4.0
327,282900,,2.0,,1.0,,1732.0,1732.0,1.0,3.0
328,298900,,2.0,,1.0,,1957.0,1957.0,1.0,3.0
329,281900,,2.0,,1.0,,1957.0,1957.0,1.0,3.0
330,249900,,2.0,,1.0,,1445.0,1445.0,1.0,2.0
331,299900,,2.0,,1.0,,1678.0,1678.0,1.0,3.0
332,279900,,2.0,,1.0,,1678.0,1678.0,1.0,3.0
333,264900,,2.0,,1.0,,1732.0,1732.0,1.0,3.0
334,287900,,2.0,,1.0,,1817.0,1817.0,1.0,3.0
335,271900,,2.0,,1.0,,1817.0,1817.0,1.0,3.0
336,269900,,2.0,,1.0,,1799.0,1799.0,1.0,2.0
337,175000,1955.0,1.0,,,,26136.0,1332.0,2.0,2.0
340,650000,1965.0,2.0,,1.0,,23740.0,2808.0,2.0,3.0
341,140000,1960.0,1.0,,,,8451.0,942.0,,3.0
343,244900,2004.0,2.0,,1.0,,5227.0,2267.0,,3.0
344,275000,1983.0,2.0,,,,12023.0,1477.0,,4.0
345,269000,2000.0,2.0,,1.0,,7841.0,1792.0,2.0,3.0
346,525000,2001.0,2.0,,1.0,,83200.0,3142.0,2.0,4.0
347,365000,1930.0,2.0,,,,8015.0,2046.0,,3.0
348,239900,2007.0,2.0,,1.0,,436.0,1608.0,1.0,3.0
349,226000,1962.0,1.0,,,,15246.0,1028.0,,3.0
350,349000,1984.0,2.0,,,,21693.0,2100.0,,3.0
351,149900,1950.0,1.0,,,,15812.0,801.0,,2.0
353,245000,2002.0,2.0,,1.0,,12632.0,2079.0,2.0,4.0
354,229000,1944.0,2.0,,,,7144.0,1200.0,,2.0
355,314900,2005.0,2.0,,1.0,,6578.0,2524.0,2.0,4.0
356,412000,2013.0,2.0,,1.0,,11761.0,3353.0,3.0,5.0
357,209000,1997.0,2.0,,,,19166.0,1327.0,,3.0
358,255000,2007.0,2.0,,1.0,,7405.0,1281.0,1.0,3.0
362,318000,1968.0,2.0,,,,29098.0,1638.0,,3.0
365,240000,1988.0,2.0,,1.0,,22303.0,1830.0,1.0,4.0
367,300000,2011.0,2.0,,1.0,,5227.0,2116.0,2.0,4.0
369,340000,2020.0,3.0,,,,4792.0,1772.0,,4.0
371,250000,2016.0,2.0,,,,15028.0,1181.0,,3.0
372,260000,1971.0,2.0,,,,14375.0,1386.0,,3.0
373,299900,2013.0,2.0,,1.0,,7667.0,2457.0,2.0,3.0
374,275000,1999.0,2.0,,,,14593.0,1440.0,2.0,3.0
375,389000,1924.0,2.0,,,,12110.0,1409.0,,3.0
376,339000,1978.0,2.0,,,,20952.0,1650.0,,3.0
377,393000,2016.0,3.0,,,,4792.0,1781.0,2.0,3.0
378,139900,1950.0,1.0,,,,4835.0,863.0,,2.0
380,399000,1950.0,2.0,,,,31929.0,2464.0,2.0,5.0
381,674900,1910.0,2.0,,1.0,,20909.0,3210.0,,5.0
382,264990,,2.0,,1.0,,1680.0,1680.0,2.0,4.0
383,274990,,2.0,,1.0,,1903.0,1903.0,2.0,4.0
384,284990,,2.0,,1.0,,2203.0,2203.0,2.0,4.0
385,254990,,2.0,,,,1296.0,1296.0,2.0,3.0
388,349900,2016.0,2.0,,1.0,,6534.0,2436.0,2.0,4.0
389,349900,1991.0,3.0,,,,23522.0,2444.0,2.0,4.0
390,229900,1990.0,2.0,,,,18426.0,1375.0,,3.0
391,355900,1997.0,2.0,,1.0,,17076.0,2410.0,2.0,4.0
392,189000,1960.0,1.0,,,,16553.0,1135.0,,2.0
395,218000,1998.0,2.0,,,,4792.0,1214.0,,3.0
396,427730,2020.0,2.0,,1.0,,6490.0,2082.0,2.0,3.0
397,525000,1989.0,2.0,,1.0,,76012.0,4550.0,2.0,3.0
399,665000,1983.0,3.0,,1.0,,17468.0,3590.0,2.0,4.0
401,129800,1940.0,1.0,,,,45302.0,712.0,,2.0
402,369900,1950.0,2.0,,,,311498.0,2575.0,,3.0
403,195000,1960.0,1.0,,,,11238.0,1019.0,,3.0
406,729000,2007.0,4.0,,1.0,,16074.0,4101.0,2.0,5.0
408,262000,2002.0,2.0,,1.0,,8189.0,1747.0,2.0,4.0
410,624800,2013.0,3.0,,1.0,,15725.0,3588.0,3.0,4.0
412,575000,2017.0,2.0,,,,8146.0,2603.0,2.0,3.0
415,875000,2017.0,3.0,,2.0,,9583.0,3892.0,2.0,4.0
419,300000,1995.0,3.0,,1.0,,20038.0,2526.0,2.0,4.0
424,450000,1933.0,2.0,,1.0,,46174.0,3213.0,,6.0
426,215000,1977.0,1.0,,1.0,,54450.0,1045.0,1.0,2.0
427,124000,1956.0,1.0,,,,4443.0,676.0,,2.0
428,318900,1993.0,2.0,,1.0,,9453.0,1996.0,2.0,3.0
429,212900,2002.0,2.0,,1.0,,4008.0,1600.0,,3.0
434,392790,,3.0,,,,,1916.0,2.0,3.0
435,435030,,3.0,,,,,2160.0,2.0,2.0
436,294000,2020.0,2.0,,1.0,,4792.0,1486.0,,3.0
437,414900,2017.0,3.0,,1.0,,8712.0,2437.0,2.0,4.0
438,668400,2020.0,4.0,,,,7841.0,2968.0,2.0,5.0
439,383790,2021.0,3.0,,,,6534.0,2422.0,2.0,4.0
440,1795000,1984.0,4.0,,1.0,,20038.0,4567.0,2.0,4.0
441,388290,2021.0,3.0,,,,6970.0,2422.0,2.0,4.0
442,295000,1985.0,2.0,,1.0,,7449.0,1514.0,,3.0
444,210000,1938.0,2.0,,,,6055.0,1173.0,,3.0
446,349500,1965.0,2.0,,2.0,,32409.0,2715.0,,3.0
447,498490,,2.0,,1.0,,3519.0,3519.0,2.0,4.0
448,459900,2017.0,3.0,,1.0,,9148.0,3501.0,2.0,5.0
449,279800,2002.0,2.0,,1.0,,42689.0,1518.0,1.0,3.0
451,229900,1947.0,1.0,,,,10237.0,1520.0,,3.0
452,400000,1996.0,3.0,,1.0,,17206.0,2466.0,2.0,4.0
453,428900,1921.0,2.0,,,,6839.0,1311.0,,2.0
456,269900,1986.0,2.0,,1.0,,19994.0,1583.0,,3.0
457,279900,1960.0,2.0,,,,39640.0,1958.0,3.0,3.0
458,264800,1978.0,2.0,,1.0,,20473.0,1873.0,,3.0
461,214900,1989.0,2.0,,,,10890.0,1195.0,,3.0
462,461490,,2.0,,1.0,,2638.0,2638.0,2.0,4.0
464,260000,2008.0,2.0,,1.0,,10890.0,2961.0,2.0,4.0
465,460000,2015.0,2.0,,1.0,,8625.0,2376.0,2.0,3.0
466,295000,1970.0,1.0,,1.0,,13504.0,1782.0,1.0,3.0
468,325000,1957.0,2.0,,,,41382.0,1956.0,,4.0
469,210600,1952.0,1.0,,,,42253.0,1840.0,2.0,3.0
474,815000,2020.0,3.0,,,,6403.0,2581.0,1.0,4.0
475,325000,2020.0,2.0,,,,29621.0,1911.0,2.0,3.0
477,925000,2006.0,5.0,,1.0,,13504.0,5179.0,2.0,5.0
478,392790,2021.0,2.0,,1.0,,4792.0,1916.0,2.0,3.0
479,399000,1929.0,1.0,,,,11413.0,1288.0,,2.0
480,245000,2004.0,2.0,,1.0,,5663.0,1849.0,2.0,3.0
481,675000,2018.0,2.0,,1.0,,6621.0,2197.0,,3.0
483,295000,1984.0,2.0,,1.0,,13939.0,1752.0,,3.0
484,539900,2020.0,3.0,,1.0,,7100.0,2725.0,2.0,3.0
485,349900,1995.0,2.0,,1.0,,7405.0,2233.0,2.0,4.0
488,275000,1949.0,2.0,,,,7754.0,1590.0,,4.0
489,232900,2014.0,2.0,,1.0,,5663.0,1745.0,2.0,3.0
490,983900,2002.0,4.0,,2.0,,47916.0,4823.0,3.0,5.0
491,339900,2015.0,3.0,,,,8233.0,2627.0,2.0,5.0
492,325000,1984.0,2.0,,,,14810.0,1775.0,,4.0
493,679900,2019.0,5.0,,,,6011.0,3881.0,2.0,5.0
494,459800,1974.0,2.0,,1.0,,12023.0,2087.0,,4.0
497,1150000,2018.0,4.0,,1.0,,40032.0,4300.0,3.0,4.0
498,185000,1920.0,1.0,,,,11761.0,871.0,,2.0
500,388665,2020.0,3.0,,,,6098.0,2671.0,2.0,4.0
502,390965,2020.0,3.0,,,,7841.0,2671.0,2.0,4.0
505,174900,1995.0,2.0,,,,9975.0,1252.0,,3.0
507,225000,1968.0,2.0,,,,15420.0,1385.0,2.0,3.0
509,949000,2007.0,4.0,,2.0,,409638.0,4490.0,3.0,4.0
510,199900,1940.0,1.0,,,,16596.0,972.0,,2.0
511,350000,1991.0,2.0,,1.0,,19166.0,2384.0,2.0,4.0
512,459000,2017.0,3.0,,,,5750.0,2411.0,2.0,3.0
513,372000,2017.0,2.0,,,,4792.0,1517.0,2.0,2.0
514,1125000,2006.0,5.0,,1.0,,23958.0,5789.0,3.0,6.0
518,367000,1964.0,2.0,,1.0,,33541.0,1961.0,2.0,3.0
522,675000,1997.0,4.0,,,,17685.0,3326.0,2.0,5.0
524,2200000,1966.0,4.0,,2.0,,89734.0,6064.0,2.0,5.0
525,274000,1964.0,1.0,,1.0,,19602.0,1483.0,,3.0
526,295000,1980.0,2.0,,1.0,,23958.0,2239.0,1.0,4.0
527,350000,1930.0,2.0,,1.0,,8712.0,1511.0,,3.0
528,235000,2002.0,2.0,,1.0,,7579.0,1532.0,,3.0
530,329900,2006.0,2.0,,1.0,,7841.0,2737.0,2.0,4.0
531,254900,2006.0,2.0,,1.0,,5663.0,1714.0,2.0,3.0
532,425000,2015.0,2.0,,1.0,,7405.0,1756.0,2.0,2.0
533,299000,1945.0,4.0,,,,7449.0,1676.0,,5.0
535,225000,1961.0,1.0,,1.0,,21780.0,1505.0,,3.0
536,397500,1976.0,3.0,,,,22172.0,2974.0,2.0,5.0
537,745000,2020.0,2.0,,1.0,,6534.0,2080.0,,3.0
540,650000,2020.0,4.0,,,,5227.0,3241.0,2.0,5.0
541,875000,2006.0,5.0,,1.0,,25657.0,7778.0,2.0,8.0
543,386290,,3.0,,,,,2422.0,2.0,4.0
544,388290,,3.0,,,,,2422.0,2.0,4.0
545,387340,,3.0,,,,,2529.0,2.0,3.0
546,391790,,3.0,,,,,2422.0,2.0,4.0
547,388335,,3.0,,,,,2671.0,2.0,4.0
548,385340,,3.0,,,,,2529.0,2.0,3.0
550,235000,1947.0,3.0,,,,64033.0,1579.0,,3.0
551,490000,1993.0,4.0,,,,51793.0,4150.0,3.0,5.0
552,550000,2021.0,2.0,,1.0,,12589.0,2437.0,,3.0
553,545000,2020.0,3.0,,1.0,,4792.0,2412.0,2.0,4.0
554,294900,1975.0,2.0,,,,21344.0,1564.0,,3.0
557,120000,1920.0,2.0,,,,,1258.0,,3.0
560,525000,1994.0,3.0,,1.0,,13939.0,3590.0,2.0,5.0
561,240000,2007.0,2.0,,1.0,,10019.0,1512.0,1.0,2.0
562,389000,2019.0,2.0,,1.0,,22041.0,1881.0,,4.0
563,499000,2019.0,2.0,,1.0,,8973.0,2524.0,3.0,3.0
564,665424,2021.0,3.0,,1.0,,12632.0,2561.0,,4.0
565,355000,1974.0,2.0,,,,31363.0,1993.0,,3.0
566,324900,1967.0,2.0,,1.0,,19994.0,2000.0,,3.0
567,439000,2007.0,2.0,,,,12720.0,2203.0,2.0,3.0
568,439900,1968.0,3.0,,,,94612.0,3534.0,2.0,4.0
569,789000,2020.0,2.0,,1.0,,5097.0,2219.0,2.0,3.0
570,380000,1931.0,2.0,,,,5227.0,1656.0,,3.0
571,312000,1980.0,2.0,,1.0,,20038.0,2074.0,1.0,3.0
572,274900,1992.0,2.0,,1.0,,7841.0,1490.0,1.0,3.0
573,150000,1937.0,1.0,,,,5009.0,700.0,,2.0
574,290000,1962.0,1.0,,1.0,,26572.0,2384.0,,3.0
575,299265,,2.0,,1.0,,,1957.0,1.0,3.0
576,1100000,1940.0,2.0,,,,12894.0,1115.0,,3.0
578,1100000,1940.0,2.0,,,,4095.0,1140.0,,3.0
579,1100000,1940.0,2.0,,,,4704.0,1140.0,,3.0
580,399000,1925.0,2.0,,,,7492.0,1370.0,,3.0
581,649900,2020.0,3.0,,,,6970.0,2427.0,1.0,4.0
582,449900,2020.0,2.0,,,,8494.0,1790.0,,3.0
583,75000,1940.0,1.0,,,,36373.0,888.0,,2.0
586,419900,2019.0,2.0,,,,7013.0,1678.0,2.0,2.0
587,378490,,3.0,,,,,2427.0,2.0,4.0
588,383790,,3.0,,,,,2422.0,2.0,4.0
589,387790,,3.0,,,,,2427.0,2.0,4.0
590,388790,,3.0,,,,,2427.0,2.0,4.0
591,378140,,3.0,,,,,2388.0,2.0,3.0
592,373340,,3.0,,,,,2388.0,2.0,3.0
593,383840,,3.0,,,,,2529.0,2.0,3.0
594,380340,,3.0,,,,,2529.0,2.0,4.0
595,382840,,3.0,,,,,2529.0,2.0,3.0
596,375840,,3.0,,,,,2388.0,2.0,3.0
597,384290,,3.0,,,,,2422.0,2.0,4.0
598,386540,,3.0,,,,,2671.0,2.0,4.0
599,388665,,3.0,,,,,2671.0,2.0,4.0
600,391340,,3.0,,,,,2671.0,2.0,4.0
601,383340,,3.0,,,,,2529.0,2.0,4.0
602,381540,,3.0,,,,,2529.0,2.0,3.0
603,377040,,3.0,,,,,2529.0,2.0,3.0
604,382340,,3.0,,,,,2529.0,2.0,4.0
605,398000,1955.0,1.0,,1.0,,8843.0,1437.0,1.0,3.0
607,525000,2002.0,3.0,,1.0,,22869.0,2884.0,2.0,4.0
608,750000,2020.0,2.0,,1.0,,6534.0,2517.0,1.0,3.0
609,825000,2010.0,3.0,,1.0,,46783.0,3441.0,2.0,4.0
610,240000,1959.0,1.0,,,,11587.0,1275.0,,3.0
611,399900,2001.0,4.0,,,,11761.0,3271.0,2.0,5.0
614,550000,2007.0,4.0,,1.0,,17424.0,4059.0,2.0,6.0
615,550000,,3.0,,1.0,,,2638.0,2.0,4.0
616,265000,2007.0,2.0,,1.0,,3485.0,1392.0,,4.0
617,450000,,,,,,6970.0,7013.0,,1.0
618,649900,2020.0,2.0,,1.0,,6970.0,2426.0,1.0,3.0
620,925000,1997.0,4.0,,1.0,,37462.0,8125.0,4.0,4.0
621,294000,2020.0,2.0,,1.0,,4792.0,1457.0,,3.0
624,400000,2015.0,3.0,,,,4792.0,2032.0,2.0,3.0
625,455000,2016.0,2.0,,1.0,,8451.0,2108.0,2.0,2.0
626,479500,1925.0,1.0,,1.0,,6970.0,1733.0,,3.0
627,472990,2021.0,3.0,,,,5663.0,2637.0,2.0,4.0
629,381340,2020.0,3.0,,,,6534.0,2529.0,2.0,3.0
630,384290,2020.0,3.0,,,,6098.0,2422.0,2.0,4.0
631,369900,1985.0,2.0,,1.0,,14985.0,1537.0,,3.0
633,189500,1968.0,2.0,,,,7448.0,2450.0,,4.0
634,406392,,3.0,,,,,2239.0,2.0,3.0
635,517647,,2.0,,1.0,,,2076.0,3.0,2.0
636,325000,2016.0,2.0,,,,4792.0,1369.0,2.0,2.0
638,374900,2019.0,2.0,,1.0,,11326.0,1698.0,1.0,3.0
640,1150000,2000.0,3.0,,2.0,,66777.0,4751.0,5.0,4.0
641,1495000,1961.0,2.0,,,,1907928.0,1674.0,,2.0
647,380340,2020.0,3.0,,,,6098.0,2529.0,2.0,3.0
648,280000,2012.0,2.0,,1.0,,5663.0,2366.0,2.0,4.0
649,280000,1954.0,1.0,,,,60026.0,1138.0,,2.0
651,220000,1942.0,2.0,,,,10019.0,2221.0,,6.0
654,525000,1986.0,3.0,,1.0,,5401.0,2550.0,1.0,3.0
655,550000,2002.0,2.0,,1.0,,43996.0,2635.0,1.0,3.0
656,474000,1988.0,3.0,,,,12153.0,2585.0,2.0,4.0
657,169400,1910.0,1.0,,,,7362.0,973.0,,2.0
658,299967,2020.0,2.0,,1.0,,9017.0,1397.0,,3.0
661,602390,2020.0,3.0,,,,7710.0,2931.0,2.0,3.0
662,675000,2017.0,5.0,,1.0,,7667.0,4966.0,2.0,6.0
663,550000,2020.0,3.0,,1.0,,11326.0,2638.0,2.0,4.0
664,386540,2020.0,3.0,,,,6534.0,2671.0,2.0,4.0
665,470000,1980.0,3.0,,1.0,,33106.0,2986.0,2.0,4.0
666,299800,1961.0,2.0,,,,15682.0,1423.0,,3.0
667,434400,,2.0,,,,1995.0,1995.0,2.0,2.0
668,1450000,2004.0,3.0,,2.0,,60548.0,5889.0,3.0,4.0
670,225000,1968.0,2.0,,,,8756.0,1050.0,,3.0
672,360000,2002.0,2.0,,,,10890.0,1313.0,,3.0
673,385000,1996.0,2.0,,,,9322.0,1315.0,,3.0
675,219200,1978.0,2.0,,,,8799.0,1420.0,,3.0
676,348500,2020.0,2.0,,,,4356.0,1200.0,,2.0
677,245000,1971.0,2.0,,,,20038.0,1501.0,,3.0
678,7500000,2006.0,6.0,,3.0,,544500.0,15675.0,4.0,5.0
679,184900,1997.0,2.0,,,,11761.0,1311.0,,3.0
680,435030,2021.0,2.0,,1.0,,7841.0,2160.0,2.0,2.0
682,395000,1950.0,3.0,,,,6578.0,2297.0,1.0,4.0
683,249900,1940.0,1.0,,,,7057.0,829.0,,2.0
684,254900,1953.0,2.0,,,,7841.0,1509.0,,4.0
685,299999,1972.0,2.0,,,,9975.0,2242.0,,3.0
686,219300,1968.0,1.0,,1.0,,25265.0,1491.0,2.0,3.0
688,200000,1969.0,1.0,,1.0,,34020.0,1160.0,,3.0
689,244900,2020.0,2.0,,,,9496.0,1362.0,,3.0
690,241900,2020.0,2.0,,,,9496.0,1248.0,,4.0
691,179000,1940.0,1.0,,,,15377.0,882.0,,3.0
693,329900,1917.0,2.0,,,,17424.0,2900.0,,4.0
694,249000,1940.0,1.0,,,,10498.0,967.0,,2.0
695,459900,2018.0,2.0,,,,6360.0,2058.0,2.0,3.0
697,429999,2019.0,2.0,,1.0,,5271.0,2367.0,,3.0
698,491530,,2.0,,1.0,,,2150.0,2.0,2.0
699,372490,,2.0,,,,2160.0,2160.0,2.0,2.0
700,372490,,2.0,,1.0,,2149.0,2149.0,2.0,2.0
701,342990,,2.0,,1.0,,1916.0,1916.0,2.0,2.0
702,337990,,3.0,,,,2085.0,2085.0,1.0,3.0
703,344990,,2.0,,1.0,,1931.0,1931.0,2.0,2.0
704,365490,,2.0,,1.0,,1997.0,1997.0,2.0,2.0
705,368490,,2.0,,,,2056.0,2056.0,2.0,2.0
706,374490,,2.0,,1.0,,2025.0,2025.0,2.0,2.0
710,90000,1920.0,1.0,,,,2352.0,1098.0,,3.0
711,417175,2020.0,3.0,,,,5619.0,2429.0,2.0,3.0
712,274900,1956.0,2.0,,1.0,,15682.0,1738.0,2.0,3.0
716,299900,1985.0,3.0,,,,30536.0,3226.0,2.0,4.0
717,302967,2020.0,2.0,,1.0,,18295.0,1397.0,,3.0
719,517647,2020.0,2.0,,1.0,,6970.0,2114.0,3.0,2.0
720,545000,1925.0,3.0,,1.0,,7579.0,2869.0,,4.0
721,169900,1987.0,2.0,,,,8712.0,1579.0,,3.0
723,302435,,2.0,,1.0,,,1957.0,1.0,3.0
724,491530,2020.0,2.0,,1.0,,6970.0,2150.0,2.0,2.0
725,384241,2020.0,2.0,,,,6970.0,1700.0,2.0,3.0
728,299900,1926.0,2.0,,,,11761.0,1447.0,1.0,3.0
731,200000,1955.0,1.0,,,,7710.0,825.0,,3.0
732,350000,2007.0,2.0,,1.0,,9235.0,2285.0,2.0,4.0
733,395000,1988.0,2.0,,1.0,,14244.0,2677.0,2.0,3.0
736,229000,1969.0,2.0,,,,9148.0,1600.0,,3.0
738,400000,1995.0,3.0,,1.0,,11500.0,2973.0,2.0,4.0
739,840000,2004.0,5.0,,,,38681.0,6386.0,3.0,6.0
745,275000,1955.0,2.0,,,,7449.0,1473.0,,2.0
754,325000,1972.0,3.0,,,,20038.0,2600.0,,3.0
756,572155,2020.0,2.0,,,,6403.0,2970.0,2.0,2.0
757,553500,2020.0,2.0,,,,6839.0,2035.0,2.0,2.0
760,3850000,2011.0,7.0,,2.0,,283140.0,9582.0,3.0,5.0
761,565000,2021.0,2.0,,1.0,,5227.0,2248.0,2.0,3.0
762,825000,2019.0,2.0,,1.0,,2178.0,2675.0,2.0,3.0
764,599900,2021.0,2.0,,1.0,,24829.0,2627.0,2.0,4.0
765,428430,2020.0,2.0,,1.0,,6142.0,2118.0,2.0,3.0
766,434590,2020.0,3.0,,,,5750.0,2460.0,2.0,3.0
767,329900,2020.0,2.0,,,,5663.0,1659.0,,3.0
768,400000,2015.0,2.0,,1.0,,5227.0,1898.0,,3.0
770,235000,2020.0,2.0,,,,16117.0,1416.0,2.0,3.0
771,275000,1959.0,2.0,,,,48787.0,1527.0,2.0,3.0
775,4200000,2008.0,6.0,,2.0,,134731.0,11409.0,4.0,5.0
776,799000,1920.0,2.0,,,,11238.0,2710.0,,4.0
777,381540,2020.0,3.0,,,,6098.0,2529.0,2.0,3.0
778,377040,2020.0,3.0,,,,8276.0,2529.0,2.0,3.0
779,382840,2020.0,3.0,,,,6970.0,2529.0,2.0,3.0
780,389900,2021.0,2.0,,1.0,,18295.0,2808.0,2.0,4.0
781,388790,2020.0,3.0,,,,6534.0,2422.0,2.0,4.0
782,386790,2020.0,3.0,,,,6534.0,2422.0,2.0,4.0
783,377490,2020.0,3.0,,,,6534.0,2422.0,2.0,4.0
784,373340,2020.0,3.0,,,,6970.0,2388.0,2.0,3.0
785,383840,2020.0,3.0,,,,6098.0,2529.0,2.0,3.0
786,279500,1952.0,2.0,,,,9583.0,1512.0,,3.0
787,350990,,2.0,,,,1902.0,1902.0,2.0,3.0
788,345990,,2.0,,,,1796.0,1796.0,2.0,2.0
789,350990,,2.0,,,,1883.0,1883.0,2.0,3.0
790,342990,,2.0,,,,1672.0,1672.0,2.0,2.0
791,633000,2021.0,3.0,,1.0,,5663.0,2819.0,2.0,4.0
792,375840,2020.0,3.0,,,,7405.0,2388.0,2.0,3.0
793,378140,2020.0,3.0,,,,6534.0,2388.0,2.0,3.0
795,239900,1946.0,1.0,,,,7275.0,1172.0,,2.0
796,655000,2020.0,5.0,,,,4966.0,3389.0,2.0,5.0
798,414070,2020.0,2.0,,,,5793.0,1861.0,2.0,3.0
799,495000,2020.0,3.0,,,,3703.0,2437.0,2.0,4.0
800,369500,1963.0,2.0,,,,25265.0,2250.0,,3.0
801,150000,1940.0,1.0,,,,82503.0,547.0,,1.0
807,595000,1983.0,4.0,,,,50965.0,3712.0,2.0,5.0
809,352900,2013.0,2.0,,,,5140.0,1556.0,2.0,2.0
812,189500,1991.0,2.0,,,,6098.0,1300.0,,3.0
814,385000,2020.0,3.0,,,,46783.0,1582.0,,4.0
815,375000,2020.0,3.0,,,,10106.0,1582.0,,4.0
816,125000,1950.0,1.0,,,,15682.0,742.0,,2.0
819,625000,1989.0,3.0,,1.0,,18644.0,3243.0,2.0,4.0
820,588485,2020.0,3.0,,,,6578.0,2588.0,2.0,3.0
821,469180,2020.0,3.0,,,,7710.0,2034.0,2.0,3.0
822,675000,2020.0,2.0,,1.0,,6534.0,2212.0,1.0,3.0
824,825000,2021.0,3.0,,,,7841.0,3520.0,2.0,4.0
825,259999,2020.0,2.0,,1.0,,10019.0,1920.0,2.0,4.0
826,519900,1962.0,3.0,,1.0,,27530.0,4125.0,2.0,5.0
828,187000,1940.0,2.0,,,,8712.0,1339.0,,3.0
830,260000,1950.0,1.0,,,,28750.0,888.0,,2.0
831,825000,1910.0,3.0,,1.0,,6490.0,3204.0,2.0,4.0
834,130000,1956.0,2.0,,,,9627.0,1724.0,,3.0
840,314900,1972.0,2.0,,,,20168.0,1728.0,,4.0
842,306900,2020.0,2.0,,,,29621.0,1412.0,2.0,3.0
843,415000,1997.0,3.0,,1.0,,24002.0,3026.0,2.0,4.0
847,528250,2020.0,3.0,,,,7144.0,2585.0,2.0,3.0
848,725000,2020.0,2.0,,1.0,,10193.0,2022.0,2.0,3.0
849,725000,2020.0,2.0,,1.0,,9845.0,2022.0,2.0,3.0
850,249999,2020.0,2.0,,,,14375.0,1543.0,2.0,3.0
851,305990,,2.0,,1.0,,1658.0,1658.0,2.0,3.0
852,338990,,3.0,,,,2518.0,2518.0,2.0,4.0
853,325990,,2.0,,1.0,,2151.0,2151.0,2.0,4.0
854,318990,,2.0,,1.0,,2007.0,2007.0,0.0,3.0
855,345990,,3.0,,,,2697.0,2697.0,2.0,4.0
856,860000,1979.0,4.0,,1.0,,30928.0,5372.0,2.0,4.0
860,525000,1955.0,2.0,,,,714384.0,1080.0,,3.0
864,379900,2020.0,2.0,,1.0,,30928.0,2392.0,2.0,4.0
865,239990,,2.0,,,,1440.0,1440.0,2.0,3.0
870,304900,2020.0,2.0,,1.0,,10454.0,2225.0,2.0,4.0
871,270000,2020.0,2.0,,1.0,,11326.0,1920.0,2.0,3.0
872,1199999,2007.0,5.0,,2.0,,28488.0,6685.0,3.0,5.0
874,83900,1971.0,2.0,,1.0,,11326.0,1382.0,,4.0
875,162000,1900.0,1.0,,,,10454.0,1586.0,,4.0
876,850000,1999.0,3.0,,2.0,,276606.0,3255.0,8.0,4.0
879,340000,1938.0,1.0,,,,91258.0,900.0,,1.0
880,309990,,2.0,,,,1551.0,1551.0,2.0,2.0
881,367990,,2.0,,1.0,,2082.0,2082.0,2.0,3.0
883,489400,,2.0,,,,2114.0,2114.0,2.0,2.0
884,376990,,2.0,,1.0,,2169.0,2169.0,2.0,2.0
885,463400,,2.0,,,,1888.0,1888.0,2.0,2.0
886,277990,,2.0,,1.0,,1924.0,1924.0,2.0,3.0
888,290990,,3.0,,,,2134.0,2134.0,2.0,4.0
889,273990,,2.0,,1.0,,1859.0,1859.0,2.0,3.0
890,471400,,2.0,,,,2053.0,2053.0,2.0,2.0
891,344990,,2.0,,,,1800.0,1800.0,2.0,2.0
893,429400,,2.0,,,,1643.0,1643.0,2.0,2.0
894,349990,,2.0,,,,1873.0,1873.0,2.0,2.0
896,439400,,2.0,,,,1776.0,1776.0,2.0,2.0
897,599900,2020.0,2.0,,1.0,,5227.0,2173.0,,3.0
898,409400,,2.0,,,,1519.0,1519.0,2.0,2.0
899,452400,,2.0,,,,2114.0,2114.0,2.0,2.0
900,426400,,2.0,,,,1888.0,1888.0,2.0,2.0
902,392400,,2.0,,,,1643.0,1643.0,2.0,2.0
906,433400,,2.0,,,,2053.0,2053.0,2.0,2.0
907,402400,,2.0,,,,1776.0,1776.0,2.0,2.0
908,372400,,2.0,,,,1519.0,1519.0,2.0,2.0
910,930000,2019.0,3.0,,1.0,,2178.0,3131.0,2.0,4.0
911,389997,2020.0,2.0,,1.0,,6970.0,1979.0,,3.0
912,780000,2005.0,3.0,,1.0,,16117.0,5036.0,3.0,4.0
913,375000,1995.0,2.0,,,,12284.0,1248.0,,3.0
914,415900,2020.0,3.0,,1.0,,7405.0,3098.0,2.0,4.0
916,422900,,2.0,,1.0,,2076.0,2076.0,3.0,2.0
917,305900,,2.0,,,,1608.0,1608.0,2.0,2.0
918,433900,,3.0,,1.0,,2425.0,2425.0,2.0,3.0
919,355900,,2.0,,,,1660.0,1660.0,2.0,2.0
920,367900,,2.0,,,,1904.0,1904.0,2.0,2.0
921,416900,,2.0,,1.0,,2131.0,2131.0,2.0,2.0
923,354400,1935.0,2.0,,1.0,,5009.0,1980.0,,3.0
924,357900,,2.0,,,,1760.0,1760.0,2.0,2.0
925,288900,,2.0,,,,1320.0,1320.0,2.0,2.0
931,2570000,2016.0,1.0,,,,1031675.0,727.0,,1.0
944,425000,1910.0,1.0,,,,329401.0,1200.0,,2.0
949,840000,2003.0,5.0,,2.0,,25700.0,5072.0,3.0,6.0
951,284900,1978.0,3.0,,,,54886.0,1994.0,,4.0
954,925000,2020.0,4.0,,1.0,,21344.0,3930.0,3.0,4.0
956,1070000,2019.0,4.0,,1.0,,22651.0,4811.0,3.0,4.0
979,2500000,2004.0,4.0,,2.0,,274515.0,7163.0,3.0,4.0
981,327750,1930.0,2.0,,,,7971.0,1566.0,,3.0
985,468900,1940.0,2.0,,1.0,,4400.0,1800.0,1.0,3.0
991,2900000,1936.0,4.0,,3.0,,135907.0,9085.0,3.0,5.0
993,424999,2020.0,3.0,,1.0,,10019.0,3199.0,2.0,4.0
994,180000,1959.0,1.0,,,,7579.0,884.0,,3.0
